CO2_Resource,Zone,CO2_CAPTURE_TYPE,New_Build,etaPCO2_MWh_p_tonne,etaFuel_MMBtu_p_tonne,RefCAPEX_per_y,RefFixedOM_per_y,Fuel,Max_Cap_tonne_p_hr,Min_Cap_tonne_p_hr,RefCapacity_Mt_y,MaxCapacity_Mt_y,MinCapacity_Mt_y,Ramp_Up_Percentage,Ramp_Down_Percentage,CO2_Capture_Min_Output,Start_Cost_per_tonne_p_hr,Up_Time,Down_Time
Solid_DAC_1,1,2,2,0.23,3.9,133000000,14600000,ng,-1,0,1,100,0,1,1,0,0,0,0
Solid_DAC_2,2,2,2,0.23,3.9,133000000,14600000,ng,-1,0,1,100,0,1,1,0,0,0,0
Solid_DAC_3,3,2,2,0.23,3.9,133000000,14600000,ng,-1,0,1,100,0,1,1,0,0,0,0
Solid_DAC_4,4,2,2,0.23,3.9,133000000,14600000,ng,-1,0,1,100,0,1,1,0,0,0,0
Solid_DAC_5,5,2,2,0.23,3.9,133000000,14600000,ng,-1,0,1,100,0,1,1,0,0,0,0
Solid_DAC_6,6,2,2,0.23,3.9,133000000,14600000,ng,-1,0,1,100,0,1,1,0,0,0,0
Solid_DAC_7,7,2,2,0.23,3.9,133000000,14600000,ng,-1,0,1,100,0,1,1,0,0,0,0
Solid_DAC_8,8,2,2,0.23,3.9,133000000,14600000,ng,-1,0,1,100,0,1,1,0,0,0,0
Solid_DAC_9,9,2,2,0.23,3.9,133000000,14600000,ng,-1,0,1,100,0,1,1,0,0,0,0
Solid_DAC_10,10,2,2,0.23,3.9,133000000,14600000,ng,-1,0,1,100,0,1,1,0,0,0,0
