,Generation,Biohydrogen Generation,Flexible_Demand_Defer,Flexible_Demand_Satisfy,Storage Discharging,Storage Charging,Nonserved_Energy,H2_Pipeline_Import/Export,H2_Truck_Import/Export,G2P Demand,Demand,Generation,Biohydrogen Generation,Flexible_Demand_Defer,Flexible_Demand_Satisfy,Storage Discharging,Storage Charging,Nonserved_Energy,H2_Pipeline_Import/Export,H2_Truck_Import/Export,G2P Demand,Demand,Generation,Biohydrogen Generation,Flexible_Demand_Defer,Flexible_Demand_Satisfy,Storage Discharging,Storage Charging,Nonserved_Energy,H2_Pipeline_Import/Export,H2_Truck_Import/Export,G2P Demand,Demand
Zone,1,1,1,1,1,1,1,1,1,1,1,2,2,2,2,2,2,2,2,2,2,2,3,3,3,3,3,3,3,3,3,3,3
AnnualSum,5.221302437748769e6,1.883196609870281e6,1251.4285714285716,-1390.4761904761904,1.0498936446439414e6,-1.0498936446439428e6,0.0,0.0,0.0,0.0,-7.104359999999994e6,6.771480000000004e6,0.0,0.0,0.0,91743.898434426,-91743.898434426,0.0,0.0,0.0,0.0,-6.771480000000001e6,3.5962732818965307e6,0.0,0.0,0.0,277283.1418684388,-277283.1418684387,0.0,0.0,0.0,39713.281896528635,-3.55656e6
t1,368.2127903383822,214.97678194866202,4.0,-0.0,223.81042771295577,-0.0,0.0,0.0,0,0.0,-811.0,756.5952496352998,0.0,0,0,16.40475036470025,-0.0,0.0,0.0,0,0.0,-773.0,421.71200899406426,0.0,0,0,0.0,-8.945276749613738,0.0,0.0,0,6.766732244450539,-406.0
t2,368.2127903383822,214.97678194866202,4.0,-0.0,223.81042771295617,-0.0,0.0,0.0,0,0.0,-811.0,762.2821294687809,0.0,0,0,10.717870531219091,-0.0,0.0,0.0,0,0.0,-773.0,453.12357444692975,0.0,0,0,0.0,-47.12357444692975,0.0,0.0,0,0.0,-406.0
t3,712.1796099906,214.97678194866202,0.0,-8.0,0.0,-108.15639193926204,0.0,0.0,0,0.0,-811.0,800.3412506078338,0.0,0,0,0.0,-27.34125060783375,0.0,0.0,0,0.0,-773.0,493.7406021601108,0.0,0,0,0.0,-87.74060216011083,0.0,0.0,0,0.0,-406.0
t4,895.699884235294,214.97678194866202,0.0,-0.0,0.0,-299.67666618395606,0.0,0.0,0,0.0,-811.0,800.3412506078338,0.0,0,0,0.0,-27.34125060783375,0.0,0.0,0,0.0,-773.0,493.7406021601108,0.0,0,0,0.0,-87.74060216011083,0.0,0.0,0,0.0,-406.0
t5,878.2288570598334,214.97678194866202,0.0,-5.333333333333333,0.0,-276.8723056751621,0.0,0.0,0,0.0,-811.0,800.3412506078338,0.0,0,0,0.0,-27.341250607833786,0.0,0.0,0,0.0,-773.0,493.7406021601108,0.0,0,0,1.1368683772161603e-13,-87.74060216011083,0.0,0.0,0,0.0,-406.0
t6,895.699884235294,214.97678194866202,0.0,-0.0,0.0,-299.67666618395606,0.0,0.0,0,0.0,-811.0,800.3412506078338,0.0,0,0,0.0,-27.34125060783375,0.0,0.0,0,0.0,-773.0,493.7406021601108,0.0,0,0,0.0,-87.74060216011083,0.0,0.0,0,0.0,-406.0
t7,895.699884235294,214.97678194866202,0.0,-0.0,0.0,-299.67666618395606,0.0,0.0,0,0.0,-811.0,800.3412506078338,0.0,0,0,0.0,-27.341250607833707,0.0,0.0,0,0.0,-773.0,493.7406021601108,0.0,0,0,0.0,-87.74060216011083,0.0,0.0,0,0.0,-406.0
t8,895.699884235294,214.97678194866202,0.0,-0.0,0.0,-299.67666618395606,0.0,0.0,0,0.0,-811.0,800.3412506078338,0.0,0,0,0.0,-27.341250607833786,0.0,0.0,0,0.0,-773.0,493.7406021601108,0.0,0,0,0.0,-87.74060216011083,0.0,0.0,0,0.0,-406.0
t9,895.699884235294,214.97678194866202,0.0,-0.0,0.0,-299.67666618395606,0.0,0.0,0,0.0,-811.0,800.3412506078338,0.0,0,0,0.0,-27.34125060783375,0.0,0.0,0,0.0,-773.0,493.7406021601108,0.0,0,0,3.979039320256561e-12,-87.74060216011083,0.0,0.0,0,0.0,-406.0
t10,895.699884235294,214.97678194866202,0.0,-0.0,0.0,-299.67666618395606,0.0,0.0,0,0.0,-811.0,800.3412506078338,0.0,0,0,0.0,-27.34125060783373,0.0,0.0,0,0.0,-773.0,493.7406021601108,0.0,0,0,0.0,-87.74060216011083,0.0,0.0,0,0.0,-406.0
t11,895.699884235294,214.97678194866202,0.0,-0.0,0.0,-299.67666618395606,0.0,0.0,0,0.0,-811.0,800.3412506078338,0.0,0,0,0.0,-27.34125060783375,0.0,0.0,0,0.0,-773.0,493.74060216011077,0.0,0,0,0.0,-87.74060216011083,0.0,0.0,0,0.0,-406.0
t12,895.699884235294,214.97678194866202,0.0,-0.0,0.0,-299.67666618395606,0.0,0.0,0,0.0,-811.0,800.3412506078338,0.0,0,0,0.0,-27.34125060783375,0.0,0.0,0,0.0,-773.0,493.74060216011077,0.0,0,0,0.0,-87.74060216011083,0.0,0.0,0,0.0,-406.0
t13,895.699884235294,214.97678194866202,0.0,-0.0,0.0,-299.67666618395606,0.0,0.0,0,0.0,-811.0,800.3412506078338,0.0,0,0,0.0,-27.341250607833786,0.0,0.0,0,0.0,-773.0,493.7406021601108,0.0,0,0,0.0,-87.74060216011083,0.0,0.0,0,0.0,-406.0
t14,483.67772830419517,214.97678194866202,0.0,-0.0,112.34548974714282,-0.0,0.0,0.0,0,0.0,-811.0,800.3412506078338,0.0,0,0,0.0,-27.34125060783375,0.0,0.0,0,0.0,-773.0,493.7406021601108,0.0,0,0,0.0,-87.74060216011083,0.0,0.0,0,0.0,-406.0
t15,368.2127903383822,214.97678194866202,0.0,-0.0,227.81042771296006,-0.0,0.0,0.0,0,0.0,-811.0,772.7824193533027,0.0,0,0,0.2175806466972895,-0.0,0.0,0.0,0,0.0,-773.0,493.7406021601108,0.0,0,0,0.0,-87.74060216011083,0.0,0.0,0,0.0,-406.0
t16,368.2127903383822,214.97678194866202,0.0,-0.0,227.81042771295574,-0.0,0.0,0.0,0,0.0,-811.0,685.7255787016305,0.0,0,0,87.27442129837235,-0.0,0.0,0.0,0,0.0,-773.0,359.76543228783584,0.0,0,0,46.234567712164164,-0.0,0.0,0.0,0,0.0,-406.0
t17,368.2127903383822,214.97678194866202,0.0,-0.0,227.81042771295577,-0.0,0.0,0.0,0,0.0,-811.0,756.5952496352998,0.0,0,0,16.40475036470025,-0.0,0.0,0.0,0,0.0,-773.0,359.76543228783584,0.0,0,0,46.234567712164164,-0.0,0.0,0.0,0,0.0,-406.0
t18,368.2127903383822,214.97678194866202,0.0,-0.0,227.81042771295577,-0.0,0.0,0.0,0,0.0,-811.0,756.5952496352998,0.0,0,0,16.40475036470025,-0.0,0.0,0.0,0,0.0,-773.0,359.76543228783584,0.0,0,0,46.234567712164164,-0.0,0.0,0.0,0,0.0,-406.0
t19,274.96208916798844,214.97678194866202,0.0,-0.0,321.0611288833495,-0.0,0.0,0.0,0,0.0,-811.0,756.5952496352998,0.0,0,0,16.40475036470025,-0.0,0.0,0.0,0,0.0,-773.0,359.76543228783584,0.0,0,0,46.234567712164164,-0.0,0.0,0.0,0,0.0,-406.0
t20,90.85569399879735,214.97678194866202,0.0,-0.0,505.16752405254056,-0.0,0.0,0.0,0,0.0,-811.0,756.5952496352998,0.0,0,0,16.40475036470025,-0.0,0.0,0.0,0,0.0,-773.0,359.76543228783584,0.0,0,0,46.234567712164164,-0.0,0.0,0.0,0,0.0,-406.0
t21,274.96208916798844,214.97678194866202,0.0,-0.0,321.0611288833445,-0.0,0.0,0.0,0,0.0,-811.0,756.5952496352998,0.0,0,0,16.40475036470025,-0.0,0.0,0.0,0,0.0,-773.0,359.76543228783584,0.0,0,0,46.234567712164164,-0.0,0.0,0.0,0,0.0,-406.0
t22,368.2127903383822,214.97678194866202,0.0,-0.0,227.81042771295574,-0.0,0.0,0.0,0,0.0,-811.0,756.5952496352998,0.0,0,0,16.40475036470025,-0.0,0.0,0.0,0,0.0,-773.0,359.76543228783584,0.0,0,0,46.234567712164164,-0.0,0.0,0.0,0,0.0,-406.0
t23,368.2127903383822,214.97678194866202,0.0,-0.0,227.81042771295577,-0.0,0.0,0.0,0,0.0,-811.0,756.5952496352998,0.0,0,0,16.40475036470025,-0.0,0.0,0.0,0,0.0,-773.0,359.76543228783584,0.0,0,0,46.234567712164164,-0.0,0.0,0.0,0,0.0,-406.0
t24,368.2127903383822,214.97678194866202,0.0,-0.0,227.81042771295574,-0.0,0.0,0.0,0,0.0,-811.0,756.5952496352998,0.0,0,0,16.40475036470025,-0.0,0.0,0.0,0,0.0,-773.0,359.76543228783584,0.0,0,0,46.234567712164164,-0.0,0.0,0.0,0,0.0,-406.0
t25,368.2127903383822,214.97678194866202,0.0,-0.0,227.81042771295574,-0.0,0.0,0.0,0,0.0,-811.0,756.5952496352998,0.0,0,0,16.40475036469934,-0.0,0.0,0.0,0,0.0,-773.0,416.48533352053045,0.0,0,0,0.0,-10.485333520530459,0.0,0.0,0,0.0,-406.0
t26,887.5356502559238,214.97678194866202,0.0,-0.0,0.0,-291.5124322045858,0.0,0.0,0,0.0,-811.0,800.3412506078338,0.0,0,0,0.0,-27.34125060783375,0.0,0.0,0,0.0,-773.0,493.7406021601108,0.0,0,0,0.0,-87.74060216011083,0.0,0.0,0,0.0,-406.0
t27,895.699884235294,214.97678194866202,0.0,-0.0,0.0,-299.67666618395606,0.0,0.0,0,0.0,-811.0,800.3412506078338,0.0,0,0,0.0,-27.341250607833786,0.0,0.0,0,0.0,-773.0,486.95006242148963,0.0,0,0,0.0,-80.95006242148962,0.0,0.0,0,0.0,-406.0
t28,895.699884235294,214.97678194866202,0.0,-0.0,0.0,-299.67666618395606,0.0,0.0,0,0.0,-811.0,800.3412506078338,0.0,0,0,0.0,-27.34125060783375,0.0,0.0,0,0.0,-773.0,461.6985986714753,0.0,0,0,0.0,-55.698598671475274,0.0,0.0,0,0.0,-406.0
t29,895.699884235294,214.97678194866202,0.0,-0.0,0.0,-299.67666618395606,0.0,0.0,0,0.0,-811.0,800.3412506078338,0.0,0,0,0.0,-27.341250607833906,0.0,0.0,0,0.0,-773.0,493.7406021601108,0.0,0,0,0.0,-87.74060216011083,0.0,0.0,0,0.0,-406.0
t30,895.699884235294,214.97678194866202,0.0,-0.0,0.0,-299.67666618395606,0.0,0.0,0,0.0,-811.0,800.3412506078338,0.0,0,0,0.0,-27.341250607833786,0.0,0.0,0,0.0,-773.0,493.7406021601108,0.0,0,0,0.0,-87.74060216011083,0.0,0.0,0,0.0,-406.0
t31,895.699884235294,214.97678194866202,0.0,-0.0,0.0,-299.67666618395606,0.0,0.0,0,0.0,-811.0,800.3412506078338,0.0,0,0,0.0,-27.34125060783375,0.0,0.0,0,0.0,-773.0,493.7406021601108,0.0,0,0,0.0,-87.74060216011083,0.0,0.0,0,0.0,-406.0
t32,895.6998842352942,214.97678194866202,0.0,-0.0,0.0,-299.67666618395606,0.0,0.0,0,0.0,-811.0,800.3412506078338,0.0,0,0,0.0,-27.341250607833786,0.0,0.0,0,0.0,-773.0,493.7406021601108,0.0,0,0,0.0,-87.74060216011083,0.0,0.0,0,0.0,-406.0
t33,895.699884235294,214.97678194866202,0.0,-0.0,0.0,-299.67666618395606,0.0,0.0,0,0.0,-811.0,800.3412506078338,0.0,0,0,0.0,-27.34125060783375,0.0,0.0,0,0.0,-773.0,493.7406021601108,0.0,0,0,0.0,-87.74060216011083,0.0,0.0,0,0.0,-406.0
t34,895.699884235294,214.97678194866202,0.0,-0.0,0.0,-299.67666618395606,0.0,0.0,0,0.0,-811.0,800.3412506078338,0.0,0,0,0.0,-27.34125060783375,0.0,0.0,0,0.0,-773.0,493.7406021601108,0.0,0,0,2.2737367544323206e-13,-87.74060216011083,0.0,0.0,0,0.0,-406.0
t35,895.699884235294,214.97678194866202,0.0,-0.0,0.0,-299.67666618395606,0.0,0.0,0,0.0,-811.0,800.3412506078338,0.0,0,0,0.0,-27.34125060783375,0.0,0.0,0,0.0,-773.0,493.7406021601108,0.0,0,0,0.0,-87.74060216011083,0.0,0.0,0,0.0,-406.0
t36,895.699884235294,214.97678194866202,0.0,-0.0,0.0,-299.67666618395606,0.0,0.0,0,0.0,-811.0,800.3412506078338,0.0,0,0,0.0,-27.34125060783375,0.0,0.0,0,0.0,-773.0,493.7406021601108,0.0,0,0,0.0,-87.74060216011083,0.0,0.0,0,0.0,-406.0
t37,895.699884235294,214.97678194866202,0.0,-0.0,0.0,-299.67666618395606,0.0,0.0,0,0.0,-811.0,800.3412506078338,0.0,0,0,0.0,-27.34125060783375,0.0,0.0,0,0.0,-773.0,493.7406021601108,0.0,0,0,0.0,-87.74060216011083,0.0,0.0,0,0.0,-406.0
t38,895.699884235294,214.97678194866202,0.0,-0.0,0.0,-299.67666618395606,0.0,0.0,0,0.0,-811.0,800.3412506078338,0.0,0,0,0.0,-27.34125060783375,0.0,0.0,0,0.0,-773.0,493.7406021601108,0.0,0,0,0.0,-87.74060216011083,0.0,0.0,0,0.0,-406.0
t39,622.0565248257997,214.97678194866202,0.0,-0.0,0.0,-26.033306774461686,0.0,0.0,0,0.0,-811.0,800.3412506078338,0.0,0,0,0.0,-27.34125060783375,0.0,0.0,0,0.0,-773.0,493.7406021601108,0.0,0,0,0.0,-87.74060216011083,0.0,0.0,0,0.0,-406.0
t40,598.908804796707,214.97678194866202,0.0,-0.0,0.0,-2.885586745369017,0.0,0.0,0,0.0,-811.0,756.5952496352998,0.0,0,0,16.40475036470025,-0.0,0.0,0.0,0,0.0,-773.0,359.76543228783584,0.0,0,0,46.234567712164164,-0.0,0.0,0.0,0,0.0,-406.0
t41,368.2127903383822,214.97678194866202,0.0,-0.0,227.81042771296484,-0.0,0.0,0.0,0,0.0,-811.0,756.5952496352998,0.0,0,0,16.40475036470025,-0.0,0.0,0.0,0,0.0,-773.0,359.76543228783584,0.0,0,0,62.02360961588209,-0.0,0.0,0.0,0,15.789041903717925,-406.0
t42,226.22592080568754,214.97678194866202,0.0,-0.0,369.7972972456504,-0.0,0.0,0.0,0,0.0,-811.0,756.5952496352998,0.0,0,0,16.40475036470025,-0.0,0.0,0.0,0,0.0,-773.0,359.76543228783584,0.0,0,0,68.79034186033263,-0.0,0.0,0.0,0,22.555774148168464,-406.0
t43,42.11952563649644,214.97678194866202,0.0,-0.0,553.9036924148415,-0.0,0.0,0.0,0,0.0,-811.0,756.5952496352998,0.0,0,0,16.40475036470025,-0.0,0.0,0.0,0,0.0,-773.0,359.76543228783584,0.0,0,0,54.49629548032499,-0.0,0.0,0.0,0,8.261727768160823,-406.0
t44,0.0,214.97678194866202,0.0,-0.0,596.023218051338,-0.0,0.0,0.0,0,0.0,-811.0,756.5952496352998,0.0,0,0,16.40475036470025,-0.0,0.0,0.0,0,0.0,-773.0,359.76543228783584,0.0,0,0,68.79034186033263,-0.0,0.0,0.0,0,22.555774148168464,-406.0
t45,184.1063951691911,214.97678194866202,0.0,-0.0,411.91682288214685,-0.0,0.0,0.0,0,0.0,-811.0,756.5952496352998,0.0,0,0,16.40475036470025,-0.0,0.0,0.0,0,0.0,-773.0,359.76543228783584,0.0,0,0,68.7903418603326,-0.0,0.0,0.0,0,22.555774148168464,-406.0
t46,368.2127903383822,214.97678194866202,0.0,-0.0,227.81042771295577,-0.0,0.0,0.0,0,0.0,-811.0,756.5952496352998,0.0,0,0,16.40475036470025,-0.0,0.0,0.0,0,0.0,-773.0,359.76543228783584,0.0,0,0,68.79034186033263,-0.0,0.0,0.0,0,22.555774148168464,-406.0
t47,368.2127903383822,214.97678194866202,0.0,-0.0,227.81042771295574,-0.0,0.0,0.0,0,0.0,-811.0,756.5952496352998,0.0,0,0,16.40475036470025,-0.0,0.0,0.0,0,0.0,-773.0,359.76543228783584,0.0,0,0,68.79034186033263,-0.0,0.0,0.0,0,22.555774148168464,-406.0
t48,368.2127903383822,214.97678194866202,0.0,-0.0,227.8104277129509,-0.0,0.0,0.0,0,0.0,-811.0,756.5952496352998,0.0,0,0,16.40475036470025,-0.0,0.0,0.0,0,0.0,-773.0,359.76543228783584,0.0,0,0,68.79034186033263,-0.0,0.0,0.0,0,22.555774148168464,-406.0
t49,368.2127903383822,214.97678194866202,0.0,-0.0,227.81042771295574,-0.0,0.0,0.0,0,0.0,-811.0,756.5952496352998,0.0,0,0,16.40475036470025,-0.0,0.0,0.0,0,0.0,-773.0,359.76543228783584,0.0,0,0,68.79034186034775,-0.0,0.0,0.0,0,22.555774148168464,-406.0
t50,368.2127903383822,214.97678194866202,0.0,-0.0,227.81042771295577,-0.0,0.0,0.0,0,0.0,-811.0,756.5952496352998,0.0,0,0,16.40475036470025,-0.0,0.0,0.0,0,0.0,-773.0,359.76543228783584,0.0,0,0,62.02360961588209,-0.0,0.0,0.0,0,15.789041903717925,-406.0
t51,368.2127903383822,214.97678194866202,0.0,-0.0,227.81042771295574,-0.0,0.0,0.0,0,0.0,-811.0,756.5952496352998,0.0,0,0,16.40475036470025,-0.0,0.0,0.0,0,0.0,-773.0,359.76543228783584,0.0,0,0,46.234567712164164,-0.0,0.0,0.0,0,0.0,-406.0
t52,368.2127903383822,214.97678194866202,0.0,-0.0,227.81042771295577,-0.0,0.0,0.0,0,0.0,-811.0,756.5952496352998,0.0,0,0,16.40475036470025,-0.0,0.0,0.0,0,0.0,-773.0,359.76543228783584,0.0,0,0,46.234567712164164,-0.0,0.0,0.0,0,0.0,-406.0
t53,433.59635041707895,214.97678194866202,0.0,-0.0,162.426867634259,-0.0,0.0,0.0,0,0.0,-811.0,756.5952496352998,0.0,0,0,16.40475036469661,-0.0,0.0,0.0,0,0.0,-773.0,359.76543228783584,0.0,0,0,46.234567712164164,-0.0,0.0,0.0,0,0.0,-406.0
t54,895.699884235294,214.97678194866202,0.0,-0.0,0.0,-299.67666618395606,0.0,0.0,0,0.0,-811.0,756.5952496352998,0.0,0,0,16.404750364703432,-0.0,0.0,0.0,0,0.0,-773.0,359.76543228783584,0.0,0,0,46.234567712164164,-0.0,0.0,0.0,0,0.0,-406.0
t55,895.699884235294,214.97678194866202,0.0,-0.0,0.0,-299.67666618395606,0.0,0.0,0,0.0,-811.0,756.5952496352998,0.0,0,0,16.40475036470025,-0.0,0.0,0.0,0,0.0,-773.0,359.76543228783584,0.0,0,0,46.234567712164164,-0.0,0.0,0.0,0,0.0,-406.0
t56,895.699884235294,214.97678194866202,0.0,-0.0,0.0,-299.67666618395606,0.0,0.0,0,0.0,-811.0,756.5952496352998,0.0,0,0,16.40475036470025,-0.0,0.0,0.0,0,0.0,-773.0,359.76543228783584,0.0,0,0,46.234567712164164,-0.0,0.0,0.0,0,0.0,-406.0
t57,895.699884235294,214.97678194866202,0.0,-0.0,0.0,-299.67666618395606,0.0,0.0,0,0.0,-811.0,756.5952496352998,0.0,0,0,16.40475036470025,-0.0,0.0,0.0,0,0.0,-773.0,359.76543228783584,0.0,0,0,46.234567712164164,-0.0,0.0,0.0,0,0.0,-406.0
t58,895.699884235294,214.97678194866202,0.0,-0.0,0.0,-299.67666618395606,0.0,0.0,0,0.0,-811.0,756.5952496352998,0.0,0,0,16.40475036470025,-0.0,0.0,0.0,0,0.0,-773.0,359.76543228783584,0.0,0,0,46.234567712164164,-0.0,0.0,0.0,0,0.0,-406.0
t59,895.699884235294,214.97678194866202,0.0,-0.0,0.0,-299.67666618395606,0.0,0.0,0,0.0,-811.0,756.5952496352998,0.0,0,0,16.40475036470025,-0.0,0.0,0.0,0,0.0,-773.0,359.76543228783584,0.0,0,0,46.234567712164164,-0.0,0.0,0.0,0,0.0,-406.0
t60,895.699884235294,214.97678194866202,0.0,-0.0,0.0,-299.67666618395606,0.0,0.0,0,0.0,-811.0,756.5952496352998,0.0,0,0,16.40475036470025,-0.0,0.0,0.0,0,0.0,-773.0,359.76543228783584,0.0,0,0,46.23456771216374,-0.0,0.0,0.0,0,0.0,-406.0
t61,895.699884235294,214.97678194866202,0.0,-0.0,-1.3642420526593924e-12,-299.67666618395606,0.0,0.0,0,0.0,-811.0,756.5952496352998,0.0,0,0,16.40475036470025,-0.0,0.0,0.0,0,0.0,-773.0,359.76543228783584,0.0,0,0,62.02360961588209,-0.0,0.0,0.0,0,15.789041903717925,-406.0
t62,895.699884235294,214.97678194866202,0.0,-0.0,-4.547473508864641e-13,-299.67666618395606,0.0,0.0,0,0.0,-811.0,756.5952496352998,0.0,0,0,16.40475036470025,-0.0,0.0,0.0,0,0.0,-773.0,359.76543228783584,0.0,0,0,68.7903418603326,-0.0,0.0,0.0,0,22.555774148168464,-406.0
t63,895.699884235294,214.97678194866202,0.0,-0.0,0.0,-299.67666618395606,0.0,0.0,0,0.0,-811.0,756.5952496352998,0.0,0,0,16.40475036470025,-0.0,0.0,0.0,0,0.0,-773.0,359.76543228783584,0.0,0,0,68.79034186033263,-0.0,0.0,0.0,0,22.555774148168464,-406.0
t64,731.916939584064,214.97678194866202,0.0,-0.0,0.0,-135.89372153272612,0.0,0.0,0,0.0,-811.0,756.5952496352998,0.0,0,0,16.40475036470025,-0.0,0.0,0.0,0,0.0,-773.0,359.76543228783584,0.0,0,0,68.79034186033263,-0.0,0.0,0.0,0,22.555774148168464,-406.0
t65,596.023218051338,214.97678194866202,0.0,-0.0,0.0,-0.0,0.0,0.0,0,0.0,-811.0,756.5952496352998,0.0,0,0,16.40475036470025,-0.0,0.0,0.0,0,0.0,-773.0,359.76543228783584,0.0,0,0,68.79034186033263,-0.0,0.0,0.0,0,22.555774148168464,-406.0
t66,596.023218051338,214.97678194866202,0.0,-0.0,0.0,-0.0,0.0,0.0,0,0.0,-811.0,756.5952496352998,0.0,0,0,16.40475036470025,-0.0,0.0,0.0,0,0.0,-773.0,359.76543228783584,0.0,0,0,68.7903418603326,-0.0,0.0,0.0,0,22.555774148168464,-406.0
t67,405.40341377619427,214.97678194866202,0.0,-0.0,190.61980427514368,-0.0,0.0,0.0,0,0.0,-811.0,756.5952496352998,0.0,0,0,16.40475036470025,-0.0,0.0,0.0,0,0.0,-773.0,359.76543228783584,0.0,0,0,68.79034186033263,-0.0,0.0,0.0,0,22.555774148168464,-406.0
t68,391.8469198421484,214.97678194866202,0.0,-0.0,204.17629820918955,-0.0,0.0,0.0,0,0.0,-811.0,756.5952496352998,0.0,0,0,16.40475036470025,-0.0,0.0,0.0,0,0.0,-773.0,359.76543228783584,0.0,0,0,68.79034186033263,-0.0,0.0,0.0,0,22.555774148168464,-406.0
t69,596.023218051338,214.97678194866202,0.0,-0.0,0.0,-0.0,0.0,0.0,0,0.0,-811.0,800.3412506078338,0.0,0,0,0.0,-27.34125060783375,0.0,0.0,0,0.0,-773.0,359.76543228783584,0.0,0,0,68.79034186033263,-0.0,0.0,0.0,0,22.555774148168464,-406.0
t70,596.023218051338,214.97678194866202,0.0,-0.0,0.0,-0.0,0.0,0.0,0,0.0,-811.0,800.3412506078338,0.0,0,0,0.0,-27.34125060783375,0.0,0.0,0,0.0,-773.0,359.76543228783584,0.0,0,0,68.79034186033263,-0.0,0.0,0.0,0,22.555774148168464,-406.0
t71,596.023218051338,214.97678194866202,0.0,-0.0,0.0,-0.0,0.0,0.0,0,0.0,-811.0,800.3412506078338,0.0,0,0,0.0,-27.34125060783375,0.0,0.0,0,0.0,-773.0,359.76543228783584,0.0,0,0,68.79034186033263,-0.0,0.0,0.0,0,22.555774148168464,-406.0
t72,895.699884235294,214.97678194866202,0.0,-0.0,0.0,-299.67666618395606,0.0,0.0,0,0.0,-811.0,800.3412506078338,0.0,0,0,0.0,-27.34125060783375,0.0,0.0,0,0.0,-773.0,359.76543228783584,0.0,0,0,62.02360961588209,-0.0,0.0,0.0,0,15.789041903717925,-406.0
t73,685.8413723334818,214.97678194866202,0.0,-0.0,0.0,-89.81815428214378,0.0,0.0,0,0.0,-811.0,800.3412506078338,0.0,0,0,0.0,-27.34125060783375,0.0,0.0,0,0.0,-773.0,421.4355365695271,0.0,0,0,0.0,-15.435536569527093,0.0,0.0,0,0.0,-406.0
t74,895.699884235294,214.97678194866202,0.0,-0.0,0.0,-299.67666618395606,0.0,0.0,0,0.0,-811.0,800.3412506078338,0.0,0,0,0.0,-27.34125060783375,0.0,0.0,0,0.0,-773.0,465.73986649767573,0.0,0,0,0.0,-59.739866497675735,0.0,0.0,0,0.0,-406.0
t75,895.699884235294,214.97678194866202,0.0,-0.0,4.547473508864641e-13,-299.67666618395606,0.0,0.0,0,0.0,-811.0,800.3412506078338,0.0,0,0,0.0,-27.34125060783375,0.0,0.0,0,0.0,-773.0,493.7406021601108,0.0,0,0,0.0,-87.74060216011083,0.0,0.0,0,0.0,-406.0
t76,895.699884235294,214.97678194866202,0.0,-0.0,4.547473508864641e-13,-299.67666618395606,0.0,0.0,0,0.0,-811.0,800.3412506078338,0.0,0,0,0.0,-27.341250607833786,0.0,0.0,0,0.0,-773.0,493.7406021601108,0.0,0,0,0.0,-87.74060216011083,0.0,0.0,0,0.0,-406.0
t77,895.699884235294,214.97678194866202,0.0,-0.0,0.0,-299.67666618395606,0.0,0.0,0,0.0,-811.0,800.3412506078338,0.0,0,0,0.0,-27.34125060783375,0.0,0.0,0,0.0,-773.0,493.7406021601108,0.0,0,0,1.1368683772161603e-13,-87.74060216011083,0.0,0.0,0,0.0,-406.0
t78,895.699884235294,214.97678194866202,0.0,-0.0,0.0,-299.67666618395606,0.0,0.0,0,0.0,-811.0,800.3412506078338,0.0,0,0,0.0,-27.34125060783375,0.0,0.0,0,0.0,-773.0,493.7406021601108,0.0,0,0,0.0,-87.74060216011083,0.0,0.0,0,0.0,-406.0
t79,895.699884235294,214.97678194866202,0.0,-0.0,0.0,-299.67666618395606,0.0,0.0,0,0.0,-811.0,800.3412506078338,0.0,0,0,-4.618527782440651e-13,-27.34125060783375,0.0,0.0,0,0.0,-773.0,493.7406021601108,0.0,0,0,0.0,-87.74060216011083,0.0,0.0,0,0.0,-406.0
t80,895.699884235294,214.97678194866202,0.0,-0.0,0.0,-299.67666618395606,0.0,0.0,0,0.0,-811.0,800.3412506078338,0.0,0,0,0.0,-27.34125060783375,0.0,0.0,0,0.0,-773.0,493.7406021601108,0.0,0,0,0.0,-87.74060216011083,0.0,0.0,0,0.0,-406.0
t81,895.699884235294,214.97678194866202,0.0,-0.0,0.0,-299.67666618395606,0.0,0.0,0,0.0,-811.0,800.3412506078338,0.0,0,0,0.0,-27.34125060783375,0.0,0.0,0,0.0,-773.0,493.7406021601108,0.0,0,0,0.0,-87.74060216011083,0.0,0.0,0,0.0,-406.0
t82,895.699884235294,214.97678194866202,0.0,-0.0,0.0,-299.67666618395606,0.0,0.0,0,0.0,-811.0,800.3412506078338,0.0,0,0,0.0,-27.34125060783375,0.0,0.0,0,0.0,-773.0,493.7406021601108,0.0,0,0,-3.410605131648481e-13,-87.74060216011083,0.0,0.0,0,0.0,-406.0
t83,895.699884235294,214.97678194866202,0.0,-0.0,0.0,-299.67666618395606,0.0,0.0,0,0.0,-811.0,800.3412506078338,0.0,0,0,0.0,-27.341250607833786,0.0,0.0,0,0.0,-773.0,493.7406021601108,0.0,0,0,0.0,-87.74060216011083,0.0,0.0,0,0.0,-406.0
t84,895.699884235294,214.97678194866202,0.0,-0.0,0.0,-299.67666618395606,0.0,0.0,0,0.0,-811.0,800.3412506078338,0.0,0,0,-1.4921397450962104e-13,-27.34125060783375,0.0,0.0,0,0.0,-773.0,493.7406021601108,0.0,0,0,0.0,-87.74060216011083,0.0,0.0,0,0.0,-406.0
t85,895.699884235294,214.97678194866202,0.0,-0.0,0.0,-299.67666618395606,0.0,0.0,0,0.0,-811.0,800.3412506078338,0.0,0,0,0.0,-27.34125060783375,0.0,0.0,0,0.0,-773.0,493.7406021601108,0.0,0,0,0.0,-87.74060216011083,0.0,0.0,0,0.0,-406.0
t86,529.5240462772354,214.97678194866202,0.0,-0.0,66.49917177410269,-0.0,0.0,0.0,0,0.0,-811.0,756.5952496352998,0.0,0,0,16.40475036470025,-0.0,0.0,0.0,0,0.0,-773.0,493.7406021601108,0.0,0,0,0.0,-87.74060216011083,0.0,0.0,0,0.0,-406.0
t87,368.2127903383822,214.97678194866202,0.0,-0.0,227.81042771295574,-0.0,0.0,0.0,0,0.0,-811.0,756.5952496352998,0.0,0,0,16.40475036470025,-0.0,0.0,0.0,0,0.0,-773.0,493.7406021601108,0.0,0,0,0.0,-87.74060216011083,0.0,0.0,0,0.0,-406.0
t88,368.2127903383822,214.97678194866202,0.0,-0.0,227.81042771295577,-0.0,0.0,0.0,0,0.0,-811.0,756.5952496352998,0.0,0,0,16.40475036470025,-0.0,0.0,0.0,0,0.0,-773.0,493.7406021601108,0.0,0,0,0.0,-87.74060216011083,0.0,0.0,0,0.0,-406.0
t89,368.2127903383822,214.97678194866202,0.0,-0.0,227.81042771295574,-0.0,0.0,0.0,0,0.0,-811.0,756.5952496352998,0.0,0,0,16.40475036470025,-0.0,0.0,0.0,0,0.0,-773.0,435.2191688876177,0.0,0,0,0.0,-29.219168887617656,0.0,0.0,0,0.0,-406.0
t90,368.2127903383822,214.97678194866202,0.0,-0.0,227.81042771295427,-0.0,0.0,0.0,0,0.0,-811.0,756.5952496352998,0.0,0,0,16.40475036470025,-0.0,0.0,0.0,0,0.0,-773.0,359.76543228783584,0.0,0,0,46.234567712164164,-0.0,0.0,0.0,0,0.0,-406.0
t91,358.69755418777754,214.97678194866202,0.0,-0.0,237.32566386356044,-0.0,0.0,0.0,0,0.0,-811.0,756.5952496352998,0.0,0,0,16.40475036470025,-0.0,0.0,0.0,0,0.0,-773.0,359.76543228783584,0.0,0,0,46.234567712164164,-0.0,0.0,0.0,0,0.0,-406.0
t92,368.2127903383822,214.97678194866202,0.0,-0.0,227.81042771295577,-0.0,0.0,0.0,0,0.0,-811.0,756.5952496352998,0.0,0,0,16.40475036470025,-0.0,0.0,0.0,0,0.0,-773.0,359.76543228783584,0.0,0,0,46.234567712164164,-0.0,0.0,0.0,0,0.0,-406.0
t93,368.2127903383822,214.97678194866202,0.0,-0.0,227.81042771295577,-0.0,0.0,0.0,0,0.0,-811.0,681.344262308024,0.0,0,0,91.65573769195572,-0.0,0.0,0.0,0,0.0,-773.0,359.76543228783584,0.0,0,0,46.234567712164164,-0.0,0.0,0.0,0,0.0,-406.0
t94,368.2127903383822,214.97678194866202,0.0,-0.0,227.81042771295577,-0.0,0.0,0.0,0,0.0,-811.0,756.5952496352998,0.0,0,0,16.40475036470025,-0.0,0.0,0.0,0,0.0,-773.0,359.76543228783584,0.0,0,0,46.23456771216664,-0.0,0.0,0.0,0,0.0,-406.0
t95,368.2127903383822,214.97678194866202,0.0,-0.0,227.81042771295574,-0.0,0.0,0.0,0,0.0,-811.0,756.5952496352998,0.0,0,0,16.40475036470025,-0.0,0.0,0.0,0,0.0,-773.0,359.76543228783584,0.0,0,0,46.234567712164164,-0.0,0.0,0.0,0,0.0,-406.0
t96,368.2127903383822,214.97678194866202,0.0,-0.0,227.81042771295577,-0.0,0.0,0.0,0,0.0,-811.0,756.5952496352998,0.0,0,0,16.40475036470025,-0.0,0.0,0.0,0,0.0,-773.0,366.1045707187229,0.0,0,0,39.895429281277075,-0.0,0.0,0.0,0,0.0,-406.0
t97,368.2127903383822,214.97678194866202,0.0,-0.0,227.81042771295574,-0.0,0.0,0.0,0,0.0,-811.0,756.5952496352998,0.0,0,0,16.404750364700476,-0.0,0.0,0.0,0,0.0,-773.0,406.0,0.0,0,0,0.0,-0.0,0.0,0.0,0,0.0,-406.0
t98,698.3497130326807,214.97678194866202,0.0,-0.0,0.0,-102.32649498134275,0.0,0.0,0,0.0,-811.0,800.3412506078338,0.0,0,0,0.0,-27.34125060783375,0.0,0.0,0,0.0,-773.0,493.7406021601108,0.0,0,0,0.0,-87.74060216011083,0.0,0.0,0,0.0,-406.0
t99,614.286379071941,214.97678194866202,0.0,-0.0,0.0,-18.26316102060309,0.0,0.0,0,0.0,-811.0,800.3412506078338,0.0,0,0,0.0,-27.34125060783375,0.0,0.0,0,0.0,-773.0,493.7406021601108,0.0,0,0,0.0,-87.74060216011083,0.0,0.0,0,0.0,-406.0
t100,712.3084242901961,214.97678194866202,0.0,-0.0,0.0,-116.2852062388581,0.0,0.0,0,0.0,-811.0,800.3412506078338,0.0,0,0,0.0,-27.34125060783375,0.0,0.0,0,0.0,-773.0,493.7406021601108,0.0,0,0,0.0,-87.74060216011083,0.0,0.0,0,0.0,-406.0
t101,644.7545349967132,214.97678194866202,0.0,-0.0,0.0,-48.731316945375255,0.0,0.0,0,0.0,-811.0,800.3412506078338,0.0,0,0,0.0,-27.34125060783375,0.0,0.0,0,0.0,-773.0,493.7406021601108,0.0,0,0,0.0,-87.74060216011083,0.0,0.0,0,0.0,-406.0
t102,883.4378447493381,214.97678194866202,0.0,-0.0,0.0,-287.41462669800006,0.0,0.0,0,0.0,-811.0,800.3412506078338,0.0,0,0,0.0,-27.34125060783375,0.0,0.0,0,0.0,-773.0,493.7406021601108,0.0,0,0,0.0,-87.74060216011083,0.0,0.0,0,0.0,-406.0
t103,895.699884235294,214.97678194866202,0.0,-0.0,0.0,-299.67666618395606,0.0,0.0,0,0.0,-811.0,800.3412506078338,0.0,0,0,0.0,-27.34125060783375,0.0,0.0,0,0.0,-773.0,493.7406021601108,0.0,0,0,0.0,-87.74060216011083,0.0,0.0,0,0.0,-406.0
t104,895.699884235294,214.97678194866202,0.0,-0.0,0.0,-299.67666618395606,0.0,0.0,0,0.0,-811.0,800.3412506078338,0.0,0,0,0.0,-27.34125060783375,0.0,0.0,0,0.0,-773.0,493.7406021601108,0.0,0,0,0.0,-87.74060216011083,0.0,0.0,0,0.0,-406.0
t105,895.699884235294,214.97678194866202,0.0,-0.0,0.0,-299.67666618395606,0.0,0.0,0,0.0,-811.0,800.3412506078338,0.0,0,0,0.0,-27.34125060783375,0.0,0.0,0,0.0,-773.0,493.7406021601108,0.0,0,0,0.0,-87.74060216011083,0.0,0.0,0,0.0,-406.0
t106,895.699884235294,214.97678194866202,0.0,-0.0,0.0,-299.67666618395606,0.0,0.0,0,0.0,-811.0,800.3412506078338,0.0,0,0,0.0,-27.34125060783375,0.0,0.0,0,0.0,-773.0,493.7406021601108,0.0,0,0,0.0,-87.74060216011083,0.0,0.0,0,0.0,-406.0
t107,895.699884235294,214.97678194866202,0.0,-0.0,0.0,-299.67666618395606,0.0,0.0,0,0.0,-811.0,800.3412506078338,0.0,0,0,0.0,-27.34125060783375,0.0,0.0,0,0.0,-773.0,493.7406021601108,0.0,0,0,0.0,-87.74060216011083,0.0,0.0,0,0.0,-406.0
t108,895.699884235294,214.97678194866202,0.0,-0.0,0.0,-299.67666618395606,0.0,0.0,0,0.0,-811.0,782.6319858684535,0.0,0,0,0.0,-9.631985868453455,0.0,0.0,0,0.0,-773.0,493.7406021601108,0.0,0,0,0.0,-87.74060216011083,0.0,0.0,0,0.0,-406.0
t109,820.2048611639748,214.97678194866202,0.0,-13.333333333333332,0.0,-210.8483097793034,0.0,0.0,0,0.0,-811.0,756.5952496352998,0.0,0,0,16.40475036470025,-0.0,0.0,0.0,0,0.0,-773.0,359.76543228783584,0.0,0,0,46.234567712164335,-0.0,0.0,0.0,0,0.0,-406.0
t110,368.2127903383822,214.97678194866202,4.0,-0.0,223.81042771295577,-0.0,0.0,0.0,0,0.0,-811.0,756.5952496352998,0.0,0,0,16.40475036470025,-0.0,0.0,0.0,0,0.0,-773.0,359.76543228783584,0.0,0,0,46.234567712164164,-0.0,0.0,0.0,0,0.0,-406.0
t111,368.2127903383822,214.97678194866202,4.0,-0.0,223.81042771295577,-0.0,0.0,0.0,0,0.0,-811.0,756.5952496352998,0.0,0,0,16.40475036470025,-0.0,0.0,0.0,0,0.0,-773.0,359.76543228783584,0.0,0,0,46.23456771216388,-0.0,0.0,0.0,0,0.0,-406.0
t112,368.2127903383822,214.97678194866202,4.0,-0.0,223.81042771295574,-0.0,0.0,0.0,0,0.0,-811.0,756.5952496352998,0.0,0,0,16.40475036470025,-0.0,0.0,0.0,0,0.0,-773.0,359.76543228783584,0.0,0,0,46.234567712164335,-0.0,0.0,0.0,0,0.0,-406.0
t113,368.2127903383822,214.97678194866202,0.0,-0.0,227.81042771295577,-0.0,0.0,0.0,0,0.0,-811.0,756.5952496352998,0.0,0,0,16.40475036470025,-0.0,0.0,0.0,0,0.0,-773.0,359.76543228783584,0.0,0,0,46.234567712164164,-0.0,0.0,0.0,0,0.0,-406.0
t114,368.2127903383822,214.97678194866202,0.0,-0.0,227.81042771295574,-0.0,0.0,0.0,0,0.0,-811.0,756.5952496352998,0.0,0,0,16.40475036470025,-0.0,0.0,0.0,0,0.0,-773.0,359.76543228783584,0.0,0,0,46.23456771216388,-0.0,0.0,0.0,0,0.0,-406.0
t115,368.2127903383822,214.97678194866202,0.0,-0.0,227.81042771295574,-0.0,0.0,0.0,0,0.0,-811.0,756.5952496352998,0.0,0,0,16.40475036470025,-0.0,0.0,0.0,0,0.0,-773.0,359.76543228783584,0.0,0,0,46.234567712164164,-0.0,0.0,0.0,0,0.0,-406.0
t116,368.2127903383822,214.97678194866202,0.0,-0.0,227.81042771295577,-0.0,0.0,0.0,0,0.0,-811.0,756.5952496352998,0.0,0,0,16.404750364701272,-0.0,0.0,0.0,0,0.0,-773.0,359.76543228783584,0.0,0,0,46.234567712164164,-0.0,0.0,0.0,0,0.0,-406.0
t117,368.2127903383822,214.97678194866202,0.0,-0.0,227.81042771295574,-0.0,0.0,0.0,0,0.0,-811.0,756.5952496352998,0.0,0,0,16.40475036470025,-0.0,0.0,0.0,0,0.0,-773.0,359.76543228783584,0.0,0,0,46.234567712164164,-0.0,0.0,0.0,0,0.0,-406.0
t118,368.2127903383822,214.97678194866202,0.0,-0.0,227.81042771295574,-0.0,0.0,0.0,0,0.0,-811.0,756.5952496352998,0.0,0,0,16.40475036470025,-0.0,0.0,0.0,0,0.0,-773.0,359.76543228783584,0.0,0,0,46.234567712164164,-0.0,0.0,0.0,0,0.0,-406.0
t119,368.2127903383822,214.97678194866202,0.0,-0.0,227.81042771295574,-0.0,0.0,0.0,0,0.0,-811.0,756.5952496352998,0.0,0,0,16.40475036470025,-0.0,0.0,0.0,0,0.0,-773.0,359.76543228783584,0.0,0,0,46.234567712163425,-0.0,0.0,0.0,0,0.0,-406.0
t120,368.2127903383822,214.97678194866202,0.0,-0.0,227.81042771295577,-0.0,0.0,0.0,0,0.0,-811.0,756.5952496352998,0.0,0,0,16.40475036470025,-0.0,0.0,0.0,0,0.0,-773.0,359.76543228783584,0.0,0,0,46.234567712164164,-0.0,0.0,0.0,0,0.0,-406.0
t121,368.2127903383822,214.97678194866202,0.0,-0.0,227.81042771298436,-0.0,0.0,0.0,0,0.0,-811.0,756.5952496352998,0.0,0,0,16.40475036470025,-0.0,0.0,0.0,0,0.0,-773.0,359.76543228783584,0.0,0,0,46.23456771216388,-0.0,0.0,0.0,0,0.0,-406.0
t122,368.2127903383822,214.97678194866202,0.0,-0.0,227.81042771295577,-0.0,0.0,0.0,0,0.0,-811.0,756.5952496352998,0.0,0,0,16.40475036470025,-0.0,0.0,0.0,0,0.0,-773.0,383.9180208803949,0.0,0,0,22.08197911960511,-0.0,0.0,0.0,0,0.0,-406.0
t123,447.35164532144665,214.97678194866202,0.0,-0.0,148.67157272989135,-0.0,0.0,0.0,0,0.0,-811.0,756.5952496352998,0.0,0,0,16.404750364699794,-0.0,0.0,0.0,0,0.0,-773.0,406.0,0.0,0,0,0.0,-0.0,0.0,0.0,0,0.0,-406.0
t124,520.1646479906852,214.97678194866202,0.0,-0.0,75.85857006065271,-0.0,0.0,0.0,0,0.0,-811.0,800.3412506078338,0.0,0,0,0.0,-27.34125060783375,0.0,0.0,0,0.0,-773.0,428.9676949521596,0.0,0,0,0.0,-22.967694952159633,0.0,0.0,0,0.0,-406.0
t125,650.980417193062,214.97678194866202,0.0,-0.0,0.0,-54.95719914172399,0.0,0.0,0,0.0,-811.0,800.3412506078338,0.0,0,0,0.0,-27.34125060783375,0.0,0.0,0,0.0,-773.0,438.82092392374875,0.0,0,0,0.0,-32.82092392374873,0.0,0.0,0,0.0,-406.0
t126,895.699884235294,214.97678194866202,0.0,-0.0,0.0,-299.67666618395606,0.0,0.0,0,0.0,-811.0,800.3412506078338,0.0,0,0,0.0,-27.34125060783375,0.0,0.0,0,0.0,-773.0,493.7406021601108,0.0,0,0,0.0,-87.74060216011083,0.0,0.0,0,0.0,-406.0
t127,895.699884235294,214.97678194866202,0.0,-0.0,0.0,-299.67666618395606,0.0,0.0,0,0.0,-811.0,800.3412506078338,0.0,0,0,0.0,-27.341250607833786,0.0,0.0,0,0.0,-773.0,493.7406021601108,0.0,0,0,0.0,-87.74060216011083,0.0,0.0,0,0.0,-406.0
t128,895.699884235294,214.97678194866202,0.0,-0.0,0.0,-299.67666618395606,0.0,0.0,0,0.0,-811.0,800.3412506078338,0.0,0,0,0.0,-27.34125060783375,0.0,0.0,0,0.0,-773.0,493.7406021601108,0.0,0,0,2.2737367544323206e-13,-87.74060216011083,0.0,0.0,0,0.0,-406.0
t129,895.699884235294,214.97678194866202,0.0,-0.0,0.0,-299.67666618395606,0.0,0.0,0,0.0,-811.0,800.3412506078338,0.0,0,0,-4.902744876744691e-13,-27.34125060783375,0.0,0.0,0,0.0,-773.0,493.74060216011077,0.0,0,0,0.0,-87.74060216011083,0.0,0.0,0,0.0,-406.0
t130,895.699884235294,214.97678194866202,0.0,-0.0,0.0,-299.67666618395606,0.0,0.0,0,0.0,-811.0,800.3412506078338,0.0,0,0,0.0,-27.34125060783375,0.0,0.0,0,0.0,-773.0,493.7406021601108,0.0,0,0,0.0,-87.74060216011083,0.0,0.0,0,0.0,-406.0
t131,895.699884235294,214.97678194866202,0.0,-0.0,0.0,-299.67666618395606,0.0,0.0,0,0.0,-811.0,800.3412506078338,0.0,0,0,0.0,-27.34125060783375,0.0,0.0,0,0.0,-773.0,446.89912754116585,0.0,0,0,0.0,-40.89912754116585,0.0,0.0,0,0.0,-406.0
t132,895.699884235294,214.97678194866202,0.0,-0.0,0.0,-299.67666618395606,0.0,0.0,0,0.0,-811.0,800.3412506078338,0.0,0,0,0.0,-27.34125060783375,0.0,0.0,0,0.0,-773.0,493.7406021601108,0.0,0,0,0.0,-87.74060216011083,0.0,0.0,0,0.0,-406.0
t133,368.2127903383822,214.97678194866202,0.0,-0.0,227.81042771295574,-0.0,0.0,0.0,0,0.0,-811.0,756.5952496352998,0.0,0,0,16.40475036470025,-0.0,0.0,0.0,0,0.0,-773.0,359.76543228783584,0.0,0,0,46.234567712164164,-0.0,0.0,0.0,0,0.0,-406.0
t134,368.2127903383822,214.97678194866202,0.0,-0.0,227.81042771295577,-0.0,0.0,0.0,0,0.0,-811.0,756.5952496352998,0.0,0,0,16.40475036470025,-0.0,0.0,0.0,0,0.0,-773.0,359.76543228783584,0.0,0,0,46.23456771216388,-0.0,0.0,0.0,0,0.0,-406.0
t135,368.2127903383822,214.97678194866202,0.0,-0.0,227.81042771295577,-0.0,0.0,0.0,0,0.0,-811.0,756.5952496352998,0.0,0,0,16.40475036470025,-0.0,0.0,0.0,0,0.0,-773.0,359.76543228783584,0.0,0,0,46.234567712164164,-0.0,0.0,0.0,0,0.0,-406.0
t136,368.2127903383822,214.97678194866202,0.0,-0.0,227.81042771295577,-0.0,0.0,0.0,0,0.0,-811.0,756.5952496352998,0.0,0,0,16.40475036470025,-0.0,0.0,0.0,0,0.0,-773.0,359.76543228783584,0.0,0,0,46.234567712164164,-0.0,0.0,0.0,0,0.0,-406.0
t137,368.2127903383822,214.97678194866202,0.0,-0.0,227.81042771295577,-0.0,0.0,0.0,0,0.0,-811.0,756.5952496352998,0.0,0,0,16.40475036470025,-0.0,0.0,0.0,0,0.0,-773.0,359.76543228783584,0.0,0,0,46.234567712164335,-0.0,0.0,0.0,0,0.0,-406.0
t138,368.2127903383822,214.97678194866202,0.0,-0.0,227.81042771295577,-0.0,0.0,0.0,0,0.0,-811.0,756.5952496352998,0.0,0,0,16.40475036470025,-0.0,0.0,0.0,0,0.0,-773.0,359.76543228783584,0.0,0,0,46.234567712164335,-0.0,0.0,0.0,0,0.0,-406.0
t139,368.2127903383822,214.97678194866202,0.0,-0.0,227.81042771295577,-0.0,0.0,0.0,0,0.0,-811.0,756.5952496352998,0.0,0,0,16.4047503646957,-0.0,0.0,0.0,0,0.0,-773.0,359.76543228783584,0.0,0,0,46.234567712164164,-0.0,0.0,0.0,0,0.0,-406.0
t140,368.2127903383822,214.97678194866202,0.0,-0.0,227.81042771295577,-0.0,0.0,0.0,0,0.0,-811.0,756.5952496352998,0.0,0,0,16.40475036470025,-0.0,0.0,0.0,0,0.0,-773.0,359.76543228783584,0.0,0,0,46.234567712164164,-0.0,0.0,0.0,0,0.0,-406.0
t141,368.2127903383822,214.97678194866202,0.0,-0.0,227.81042771295577,-0.0,0.0,0.0,0,0.0,-811.0,756.5952496352998,0.0,0,0,16.40475036470025,-0.0,0.0,0.0,0,0.0,-773.0,359.76543228783584,0.0,0,0,46.23456771216388,-0.0,0.0,0.0,0,0.0,-406.0
t142,368.2127903383822,214.97678194866202,0.0,-0.0,227.81042771295574,-0.0,0.0,0.0,0,0.0,-811.0,756.5952496352998,0.0,0,0,16.40475036470025,-0.0,0.0,0.0,0,0.0,-773.0,359.76543228783584,0.0,0,0,46.234567712164164,-0.0,0.0,0.0,0,0.0,-406.0
t143,368.2127903383822,214.97678194866202,0.0,-0.0,227.81042771295577,-0.0,0.0,0.0,0,0.0,-811.0,756.5952496352998,0.0,0,0,16.40475036470025,-0.0,0.0,0.0,0,0.0,-773.0,359.76543228783584,0.0,0,0,46.23456771216388,-0.0,0.0,0.0,0,0.0,-406.0
t144,368.2127903383822,214.97678194866202,0.0,-0.0,227.81042771295577,-0.0,0.0,0.0,0,0.0,-811.0,756.5952496352998,0.0,0,0,16.40475036470025,-0.0,0.0,0.0,0,0.0,-773.0,359.76543228783584,0.0,0,0,46.234567712164164,-0.0,0.0,0.0,0,0.0,-406.0
t145,368.2127903383822,214.97678194866202,0.0,-0.0,227.81042771295577,-0.0,0.0,0.0,0,0.0,-811.0,756.5952496352998,0.0,0,0,16.40475036470025,-0.0,0.0,0.0,0,0.0,-773.0,359.76543228783584,0.0,0,0,46.234567712164335,-0.0,0.0,0.0,0,0.0,-406.0
t146,368.2127903383822,214.97678194866202,0.0,-0.0,227.81042771295577,-0.0,0.0,0.0,0,0.0,-811.0,756.5952496352998,0.0,0,0,16.40475036470025,-0.0,0.0,0.0,0,0.0,-773.0,359.76543228783584,0.0,0,0,46.234567712164164,-0.0,0.0,0.0,0,0.0,-406.0
t147,368.2127903383822,214.97678194866202,0.0,-0.0,227.81042771295574,-0.0,0.0,0.0,0,0.0,-811.0,756.5952496352998,0.0,0,0,16.40475036470025,-0.0,0.0,0.0,0,0.0,-773.0,359.76543228783584,0.0,0,0,46.23456771216388,-0.0,0.0,0.0,0,0.0,-406.0
t148,368.2127903383822,214.97678194866202,0.0,-0.0,227.81042771295574,-0.0,0.0,0.0,0,0.0,-811.0,756.5952496352998,0.0,0,0,16.40475036470025,-0.0,0.0,0.0,0,0.0,-773.0,359.76543228783584,0.0,0,0,46.234567712164164,-0.0,0.0,0.0,0,0.0,-406.0
t149,368.2127903383822,214.97678194866202,0.0,-0.0,227.81042771295577,-0.0,0.0,0.0,0,0.0,-811.0,756.5952496352998,0.0,0,0,16.40475036470025,-0.0,0.0,0.0,0,0.0,-773.0,359.76543228783584,0.0,0,0,46.234567712164164,-0.0,0.0,0.0,0,0.0,-406.0
t150,497.51527830277297,214.97678194866202,0.0,-0.0,98.50793974856502,-0.0,0.0,0.0,0,0.0,-811.0,773.0,0.0,0,0,0.0,-0.0,0.0,0.0,0,0.0,-773.0,359.76543228783584,0.0,0,0,46.234567712164164,-0.0,0.0,0.0,0,0.0,-406.0
t151,680.6949764809576,214.97678194866202,0.0,-0.0,0.0,-84.67175842961963,0.0,0.0,0,0.0,-811.0,761.8448700449617,0.0,0,0,11.155129955038332,-0.0,0.0,0.0,0,0.0,-773.0,359.76543228783584,0.0,0,0,46.234567712165074,-0.0,0.0,0.0,0,0.0,-406.0
t152,895.699884235294,214.97678194866202,0.0,-0.0,0.0,-299.67666618395606,0.0,0.0,0,0.0,-811.0,800.3412506078338,0.0,0,0,0.0,-27.34125060783375,0.0,0.0,0,0.0,-773.0,359.76543228783584,0.0,0,0,46.234567712164164,-0.0,0.0,0.0,0,0.0,-406.0
t153,895.699884235294,214.97678194866202,0.0,-0.0,0.0,-299.67666618395606,0.0,0.0,0,0.0,-811.0,800.3412506078338,0.0,0,0,0.0,-27.34125060783375,0.0,0.0,0,0.0,-773.0,359.76543228783584,0.0,0,0,46.234567712164164,-0.0,0.0,0.0,0,0.0,-406.0
t154,895.699884235294,214.97678194866202,0.0,-0.0,0.0,-299.67666618395606,0.0,0.0,0,0.0,-811.0,773.0,0.0,0,0,0.0,-0.0,0.0,0.0,0,0.0,-773.0,359.76543228783584,0.0,0,0,46.234567712164164,-0.0,0.0,0.0,0,0.0,-406.0
t155,895.699884235294,214.97678194866202,0.0,-0.0,0.0,-299.67666618395606,0.0,0.0,0,0.0,-811.0,773.0,0.0,0,0,0.0,-0.0,0.0,0.0,0,0.0,-773.0,359.76543228783584,0.0,0,0,53.0012999566147,-0.0,0.0,0.0,0,6.76673224445054,-406.0
t156,596.023218051338,214.97678194866202,0.0,-0.0,0.0,-0.0,0.0,0.0,0,0.0,-811.0,756.5952496352998,0.0,0,0,16.40475036470025,-0.0,0.0,0.0,0,0.0,-773.0,359.76543228783584,0.0,0,0,68.79034186033263,-0.0,0.0,0.0,0,22.555774148168464,-406.0
t157,531.3583110911873,214.97678194866202,0.0,-0.0,64.66490696015069,-0.0,0.0,0.0,0,0.0,-811.0,756.5952496352998,0.0,0,0,16.40475036470025,-0.0,0.0,0.0,0,0.0,-773.0,359.76543228783584,0.0,0,0,68.79034186033263,-0.0,0.0,0.0,0,22.555774148168464,-406.0
t158,368.2127903383822,214.97678194866202,0.0,-0.0,227.81042771295577,-0.0,0.0,0.0,0,0.0,-811.0,756.5952496352998,0.0,0,0,16.40475036470025,-0.0,0.0,0.0,0,0.0,-773.0,359.76543228783584,0.0,0,0,68.79034186033263,-0.0,0.0,0.0,0,22.555774148168464,-406.0
t159,368.2127903383822,214.97678194866202,0.0,-0.0,227.81042771295574,-0.0,0.0,0.0,0,0.0,-811.0,756.5952496352998,0.0,0,0,16.40475036470025,-0.0,0.0,0.0,0,0.0,-773.0,343.5948756930593,0.0,0,0,84.96089845510917,-0.0,0.0,0.0,0,22.555774148168464,-406.0
t160,368.2127903383822,214.97678194866202,0.0,-0.0,227.81042771295574,-0.0,0.0,0.0,0,0.0,-811.0,756.5952496352998,0.0,0,0,16.40475036470025,-0.0,0.0,0.0,0,0.0,-773.0,359.76543228783584,0.0,0,0,68.79034186033263,-0.0,0.0,0.0,0,22.555774148168464,-406.0
t161,368.2127903383822,214.97678194866202,0.0,-0.0,227.81042771294688,-0.0,0.0,0.0,0,0.0,-811.0,756.5952496352998,0.0,0,0,16.404750364713834,-0.0,0.0,0.0,0,0.0,-773.0,359.76543228783584,0.0,0,0,68.79034186033263,-0.0,0.0,0.0,0,22.555774148168464,-406.0
t162,368.2127903383822,214.97678194866202,0.0,-0.0,227.81042771295597,-0.0,0.0,0.0,0,0.0,-811.0,756.5952496352998,0.0,0,0,16.40475036470025,-0.0,0.0,0.0,0,0.0,-773.0,359.76543228783584,0.0,0,0,68.79034186033263,-0.0,0.0,0.0,0,22.555774148168464,-406.0
t163,368.2127903383822,214.97678194866202,0.0,-0.0,227.81042771295574,-0.0,0.0,0.0,0,0.0,-811.0,756.5952496352998,0.0,0,0,16.40475036470025,-0.0,0.0,0.0,0,0.0,-773.0,359.76543228783584,0.0,0,0,68.79034186033263,-0.0,0.0,0.0,0,22.555774148168464,-406.0
t164,368.2127903383822,214.97678194866202,0.0,-0.0,227.81042771295577,-0.0,0.0,0.0,0,0.0,-811.0,756.5952496352998,0.0,0,0,16.40475036470025,-0.0,0.0,0.0,0,0.0,-773.0,359.76543228783584,0.0,0,0,68.79034186033263,-0.0,0.0,0.0,0,22.555774148168464,-406.0
t165,368.2127903383822,214.97678194866202,0.0,-0.0,227.81042771295574,-0.0,0.0,0.0,0,0.0,-811.0,756.5952496352998,0.0,0,0,16.40475036470025,-0.0,0.0,0.0,0,0.0,-773.0,359.76543228783584,0.0,0,0,68.79034186033263,-0.0,0.0,0.0,0,22.555774148168464,-406.0
t166,368.2127903383822,214.97678194866202,0.0,-0.0,227.81042771295574,-0.0,0.0,0.0,0,0.0,-811.0,756.5952496352998,0.0,0,0,16.40475036470025,-0.0,0.0,0.0,0,0.0,-773.0,359.76543228783584,0.0,0,0,68.79034186033263,-0.0,0.0,0.0,0,22.555774148168464,-406.0
t167,368.2127903383822,214.97678194866202,0.0,-0.0,227.81042771295574,-0.0,0.0,0.0,0,0.0,-811.0,756.5952496352998,0.0,0,0,16.40475036470025,-0.0,0.0,0.0,0,0.0,-773.0,359.76543228783584,0.0,0,0,68.79034186033263,-0.0,0.0,0.0,0,22.555774148168464,-406.0
t168,368.2127903383822,214.97678194866202,4.0,-0.0,223.8104277129546,-0.0,0.0,0.0,0,0.0,-811.0,756.5952496352998,0.0,0,0,16.40475036470025,-0.0,0.0,0.0,0,0.0,-773.0,359.76543228783584,0.0,0,0,68.79034186033263,-0.0,0.0,0.0,0,22.555774148168464,-406.0
