,Generation,H2-G2P,Bioelectricity Generation,Storage_Discharge,Storage_Charge,Flexible_Demand_Defer,Flexible_Demand_Stasify,Demand_Response,Nonserved_Energy,Transmission_NetExport,Transmission_Losses,HSC Power Demand,CSC Power Demand,BESC Power Demand,Power Sector Demand,Generation,H2-G2P,Bioelectricity Generation,Storage_Discharge,Storage_Charge,Flexible_Demand_Defer,Flexible_Demand_Stasify,Demand_Response,Nonserved_Energy,Transmission_NetExport,Transmission_Losses,HSC Power Demand,CSC Power Demand,BESC Power Demand,Power Sector Demand,Generation,H2-G2P,Bioelectricity Generation,Storage_Discharge,Storage_Charge,Flexible_Demand_Defer,Flexible_Demand_Stasify,Demand_Response,Nonserved_Energy,Transmission_NetExport,Transmission_Losses,HSC Power Demand,CSC Power Demand,BESC Power Demand,Power Sector Demand
Zone,1,1,1,1,1,1,1,1,1,1,1,1,1,1,1,2,2,2,2,2,2,2,2,2,2,2,2,2,2,2,3,3,3,3,3,3,3,3,3,3,3,3,3,3,3
AnnualSum,1.357539562165889e9,0.0,0.0,7.60517113585312e7,-8.985315614193192e7,0.0,0.0,0.0,0.0,-3.2067108372305147e7,-2.0601018143789861e6,-1.0157173762330952e8,-1.0039915724945285e6,0.0,-1.207035178e9,8.722520279291848e8,0.0,0.0,5.105837674740992e7,-6.032416912501171e7,0.0,0.0,0.0,0.0,1.5843981607169615e7,-2.974909970424791e6,-2.267433398267264e7,-3.8116922056551264e6,0.0,-8.493692810000001e8,3.3372150818320596e8,859593.9866503625,0.0,2.258713756778366e7,-2.6686126616001442e7,0.0,0.0,0.0,0.0,1.6223126765135542e7,-914808.1560458046,-2.7767005246141396e7,-1.425239484586882e6,0.0,-3.1659818699999994e8
t1,76342.13497158249,0.0,0.0,22580.502338626986,-0.0,0.0,-0.0,0.0,0.0,10106.31501754863,-248.33803214761477,-878.7721425473699,-115.4634899159543,-0.0,-107786.37866314714,84581.94330833196,0.0,0.0,0.0,-0.0,0.0,-0.0,0.0,0.0,-3786.3150175486294,-398.01539794761476,-1805.6809703762985,-437.39463217818246,-0.0,-78154.53729028122,38971.979213166494,146.4659194311319,0.0,0.0,-0.0,0.0,-0.0,0.0,0.0,-6320.0,-149.67736580000002,-3652.5588793991838,-162.74211207966079,-0.0,-28833.46677531878
t2,88557.51494896668,0.0,0.0,0.0,-0.0,0.0,-0.0,0.0,0.0,14694.193696252067,-361.07395625277564,-878.7721425473699,-115.4634899159543,-0.0,-101896.39905650265,86373.92472119535,0.0,0.0,0.0,-0.0,0.0,-0.0,0.0,0.0,-8374.193696252065,-510.7513220527757,-2061.5905628829505,-437.39463217818246,-0.0,-74989.99450782937,39329.649117066445,0.0,0.0,0.0,-0.0,0.0,-0.0,0.0,0.0,-6320.0,-149.67736580000002,-5093.185916143225,-162.74211207966076,-0.0,-27604.043723043553
t3,95169.83995630819,0.0,0.0,0.0,-0.0,0.0,-0.0,0.0,0.0,20156.0,-495.28451935999993,-16434.070065174048,-115.4634899159543,-0.0,-98281.0218818582,93148.06341689125,0.0,0.0,0.0,-0.0,0.0,-0.0,0.0,0.0,-15004.511565989698,-617.2878767574413,-3793.6633020718905,-437.39463217818246,-0.0,-73295.20603989404,39402.352323856394,0.0,0.0,0.0,-0.0,0.0,-0.0,0.0,0.0,-5151.488434010301,-122.0033573974413,-6949.7902529127305,-162.74211207966079,-0.0,-27016.328167456257
t4,101489.31594111011,0.0,0.0,0.0,-11.928589417347977,0.0,-0.0,0.0,0.0,20156.0,-495.28451935999993,-24828.46180089901,-115.4634899159543,-0.0,-96194.1775415178,102836.7754947727,0.0,0.0,0.0,-0.0,0.0,-0.0,0.0,0.0,-24692.836841650613,-602.7310047275089,-3793.6633020718905,-437.39463217818246,-0.0,-73310.1497141445,37778.21207841028,0.0,0.0,0.0,-8055.728943742826,0.0,-0.0,0.0,0.0,4536.836841650616,-107.44648536750886,-6949.7902529127305,-162.74211207966079,-0.0,-27039.34112595817
t5,101675.65428271808,0.0,0.0,10.096358082843329,-0.0,0.0,-0.0,0.0,0.0,20156.0,-495.28451935999993,-24026.07448204204,-115.4634899159543,-0.0,-97204.92814948292,107823.79350635312,0.0,0.0,0.0,-5894.833242730705,0.0,-0.0,0.0,0.0,-21022.109334538756,-515.7966971588215,-3793.6633020718905,-437.39463217818246,-0.0,-76159.99629767476,38816.61772747865,0.0,0.0,0.0,-4679.219545833582,0.0,-0.0,0.0,0.0,866.1093345387552,-20.512177798821494,-6949.7902529127305,-162.74211207966079,-0.0,-27870.462973392612
t6,121073.90108684274,0.0,0.0,0.0,-0.0,0.0,-0.0,0.0,0.0,5196.854236587002,-127.7000125397883,-24828.46180089901,-115.4634899159543,-0.0,-101199.130020075,123053.3162106461,0.0,0.0,0.0,-32786.040360834544,0.0,-0.0,0.0,0.0,-5196.854236587002,-127.7000125397883,-3793.6633020718905,-437.39463217818246,-0.0,-80711.66366643469,48440.403483994276,0.0,0.0,0.0,-11577.426458760769,0.0,-0.0,0.0,0.0,0.0,-0.0,-6949.7902529127305,-162.74211207966079,-0.0,-29750.444660241123
t7,177263.906537058,0.0,0.0,0.0,-45196.13223692574,0.0,-0.0,0.0,0.0,-0.0,-0.0,-24828.46180089901,-115.4634899159543,-0.0,-107123.84900931732,105310.14953037132,0.0,0.0,0.0,-13684.96842074239,0.0,-0.0,0.0,0.0,0.0,-0.0,-3793.6633020718905,-437.39463217818246,-0.0,-87394.12317537886,51295.78056580844,0.0,0.0,0.0,-11577.426458760769,0.0,-0.0,0.0,0.0,0.0,-0.0,-6949.7902529127305,-162.74211207966079,-0.0,-32605.82174205529
t8,185199.8243796936,0.0,0.0,0.0,-46271.8491446492,0.0,-0.0,0.0,0.0,-0.0,-0.0,-24828.46180089901,-115.4634899159543,-0.0,-113984.04994422947,130237.49634882205,0.0,0.0,0.0,-32786.040360834544,0.0,-0.0,0.0,0.0,0.0,-0.0,-3793.6633020718905,-437.39463217818246,-0.0,-93220.39805373746,54034.32262753599,0.0,0.0,0.0,-11577.426458760769,0.0,-0.0,0.0,0.0,0.0,-0.0,-6949.7902529127305,-162.74211207966079,-0.0,-35344.36380378283
t9,193272.5951929011,0.0,0.0,0.0,-46271.8491446492,0.0,-0.0,0.0,0.0,-0.0,-0.0,-24828.46180089901,-115.4634899159543,-0.0,-122056.82075743693,135093.3114405621,0.0,0.0,0.0,-32786.040360834544,0.0,-0.0,0.0,0.0,0.0,-0.0,-3793.6633020718905,-437.39463217818246,-0.0,-98076.21314547748,55066.18560512481,0.0,0.0,0.0,-10902.790052053953,0.0,-0.0,0.0,0.0,0.0,-0.0,-6949.7902529127305,-162.74211207966079,-0.0,-37050.86318807847
t10,183550.4678799681,0.0,0.0,0.0,-27552.221738881144,0.0,-0.0,0.0,0.0,-0.0,-0.0,-24828.46180089901,-115.4634899159543,-0.0,-131054.32085027204,111825.87998064636,0.0,0.0,0.0,-5013.530634233892,0.0,-0.0,0.0,0.0,0.0,-0.0,-3793.6633020718905,-437.39463217818246,-0.0,-102581.29141216242,56779.94559957181,0.0,0.0,0.0,-11577.426458760769,0.0,-0.0,0.0,0.0,0.0,-0.0,-6949.7902529127305,-162.74211207966076,-0.0,-38089.98677581865
t11,211668.7525347604,0.0,0.0,0.0,-46271.8491446492,0.0,-0.0,0.0,0.0,-0.0,-0.0,-24828.46180089901,-115.4634899159543,-0.0,-140452.97809929625,118577.56547808192,0.0,0.0,0.0,-8561.116564436905,0.0,-0.0,0.0,0.0,0.0,-0.0,-3793.6633020718905,-437.39463217818246,-0.0,-105785.39097939493,57425.19355141389,0.0,0.0,0.0,-11577.426458760769,0.0,-0.0,0.0,0.0,0.0,-0.0,-6949.79025291273,-162.74211207966076,-0.0,-38735.234727660725
t12,208237.45282451378,0.0,0.0,0.0,-34537.00986536671,0.0,-0.0,0.0,0.0,-0.0,-0.0,-24828.46180089901,-115.4634899159543,-0.0,-148756.51766833206,145021.18538084303,0.0,0.0,0.0,-32786.040360834544,0.0,-0.0,0.0,0.0,0.0,-0.0,-3793.6633020718905,-437.39463217818246,-0.0,-108004.0870857584,52831.24345887647,0.0,0.0,0.0,-6746.265870895959,0.0,-0.0,0.0,0.0,0.0,-0.0,-6949.79025291273,-162.74211207966076,-0.0,-38972.44522298812
t13,175502.00785954783,0.0,0.0,0.0,-0.0,0.0,-0.0,0.0,0.0,4975.775800968676,-122.26754941585084,-24828.46180089901,-115.4634899159543,-0.0,-155411.59082028567,122399.36309299467,0.0,0.0,0.0,-0.0,0.0,-0.0,0.0,0.0,-8388.524017486921,-203.09210055305005,-3793.6633020718905,-437.39463217818246,-0.0,-109576.6890407046,47486.2206117994,0.0,0.0,0.0,-4760.605216644502,0.0,-0.0,0.0,0.0,3412.748216518244,-80.8245511371992,-6949.7902529127305,-162.74211207966079,-0.0,-38945.00669554354
t14,167168.99115368797,0.0,0.0,0.0,-0.0,0.0,-0.0,0.0,0.0,642.07046279065,-15.777314971151014,-6074.694351008953,-115.4634899159543,-0.0,-161605.12646058254,117283.48335726306,0.0,0.0,0.0,-0.0,0.0,-0.0,0.0,0.0,-2700.0759740289627,-64.51732188951067,-3793.6633020718905,-437.39463217818246,-0.0,-110287.83212709449,43877.44659502869,0.0,0.0,0.0,-0.0,0.0,-0.0,0.0,0.0,2058.0055112383125,-48.74000691835965,-6949.7902529127305,-162.74211207966076,-0.0,-38774.179734356265
t15,166315.64890285535,0.0,0.0,0.0,-0.0,0.0,-0.0,0.0,0.0,-0.0,-0.0,-878.7721425473699,-115.4634899159543,-0.0,-165321.41327039208,117117.31360190762,0.0,0.0,0.0,-0.0,0.0,-0.0,0.0,0.0,-4086.4480398614473,-96.77986995016374,-2534.103607686432,-437.39463217818246,-0.0,-109962.58745223138,41826.23482635456,0.0,0.0,0.0,-0.0,0.0,-0.0,0.0,0.0,4086.4480398614473,-96.77986995016374,-6949.7902529127305,-162.74211207966076,-0.0,-38703.37063127346
t16,162548.70223906686,0.0,0.0,0.0,-0.0,0.0,-0.0,0.0,0.0,6113.188614895773,-150.21669403084326,-878.7721425473699,-115.4634899159543,-0.0,-167517.4385274685,117103.16633571366,0.0,0.0,0.0,-0.0,0.0,-0.0,0.0,0.0,-5144.658657139576,-173.1545125079529,-1636.5442803912097,-433.2315784071207,-0.0,-109715.57730726777,40609.97864608888,0.0,0.0,0.0,-0.0,0.0,-0.0,0.0,0.0,-968.5299577561974,-22.937818477109637,-858.6117811266776,-162.74211207966076,-0.0,-38597.15697664925
t17,148505.32940609107,0.0,0.0,527.597467760737,-0.0,0.0,-0.0,0.0,0.0,20156.0,-495.28451935999993,-878.7721425473699,-115.4634899159543,-0.0,-167699.4067220285,118243.81305423744,0.0,0.0,6740.112060816968,-0.0,0.0,-0.0,0.0,0.0,-13835.999999999998,-644.96188516,-1805.6809703762985,-437.39463217818246,-0.0,-108259.88762733992,37040.058483289475,0.0,0.0,8491.393179377555,-0.0,0.0,-0.0,0.0,0.0,-6320.0,-149.67736580000002,-858.6117811266776,-162.74211207966076,-0.0,-38040.42040366068
t18,124765.67600713973,0.0,0.0,22685.781830354223,-0.0,0.0,-0.0,0.0,0.0,20156.0,-495.28451935999993,-878.7721425473699,-115.4634899159543,-0.0,-166117.93768567065,92948.98988459009,0.0,0.0,32786.040360834544,-0.0,0.0,-0.0,0.0,0.0,-18235.58907574479,-540.765856131529,-1805.6809703762985,-437.39463217818246,-0.0,-104715.59971099383,28665.144168702383,0.0,0.0,11577.426458760769,-0.0,0.0,-0.0,0.0,0.0,-1920.410924255211,-45.481336771529,-858.6117811266776,-162.74211207966079,-0.0,-37255.324473230066
t19,97727.43438450072,0.0,0.0,46271.8491446492,-0.0,0.0,-0.0,0.0,0.0,20156.0,-495.28451935999993,-656.2211594969327,-109.98572096278805,-0.0,-162893.79212933022,90235.33243751856,0.0,0.0,32786.040360834544,-0.0,0.0,-0.0,0.0,0.0,-20156.0,-495.28451935999993,-1805.6809703762985,-437.39463217818246,-0.0,-100127.01267643864,25792.010274427186,0.0,0.0,11577.426458760769,-0.0,0.0,-0.0,0.0,0.0,0.0,-0.0,-858.6117811266776,-162.74211207966076,-0.0,-36348.08283998161
t20,93220.16985323238,0.0,0.0,46271.8491446492,-0.0,0.0,-0.0,0.0,0.0,20156.0,-495.28451935999993,-216.83508822324782,-99.17087149914306,-0.0,-158836.7285187992,99581.83097384484,0.0,0.0,14940.270741923076,-0.0,0.0,-0.0,0.0,0.0,-15627.341102392684,-602.5373254360435,-1805.6809703762985,-437.39463217818246,-0.0,-96049.1476853847,29653.44741314234,0.0,0.0,11577.426458760769,-0.0,0.0,-0.0,0.0,0.0,-4528.658897607315,-107.25280607604351,-858.6117811266776,-162.74211207966076,-0.0,-35573.608275013416
t21,93436.08769618186,0.0,0.0,46271.8491446492,-0.0,0.0,-0.0,0.0,0.0,16159.752780382703,-397.0864947811208,-656.2211594969327,-109.98572096278805,-0.0,-154704.39624597292,87106.97030637128,0.0,0.0,19511.30065529087,-0.0,0.0,-0.0,0.0,0.0,-9839.752780382703,-546.7638605811208,-1805.6809703762985,-437.39463217818246,-0.0,-93988.67871814383,35279.611052010056,0.0,0.0,7457.5363802517095,-0.0,0.0,-0.0,0.0,0.0,-6320.0,-149.67736580000002,-858.6117811266776,-162.74211207966079,-0.0,-35246.11617325544
t22,102734.01446621909,0.0,0.0,27280.754691640974,-0.0,0.0,-0.0,0.0,0.0,20156.0,-495.28451935999993,-878.7721425473699,-115.4634899159543,-0.0,-148681.24900603679,98277.69584627292,0.0,0.0,6321.299511820751,-0.0,0.0,-0.0,0.0,0.0,-13835.999999999998,-644.96188516,-1805.6809703762985,-437.39463217818246,-0.0,-87874.95787037919,32896.789849329405,0.0,0.0,8237.41651189534,-0.0,0.0,-0.0,0.0,0.0,-6320.0,-149.67736580000002,-858.6117811266776,-162.74211207966079,-0.0,-33643.1751022184
t23,107357.8005118566,0.0,0.0,11887.760040679605,-0.0,0.0,-0.0,0.0,0.0,20156.0,-495.28451935999993,-878.7721425473699,-115.4634899159543,-0.0,-137912.04040071293,83735.2962790019,0.0,0.0,15517.923891182729,-0.0,0.0,-0.0,0.0,0.0,-16767.239042214293,-575.5409771902608,-1805.6809703762985,-437.39463217818246,-0.0,-79667.36454822557,26689.40265382644,0.0,0.0,8370.143569631939,-0.0,0.0,-0.0,0.0,0.0,-3388.7609577857047,-80.25645783026096,-858.6117811266776,-162.74211207966076,-0.0,-30569.17491463607
t24,108880.77941868418,0.0,0.0,7102.36983887945,-0.0,0.0,-0.0,0.0,0.0,11173.731954866722,-274.5671988848799,-878.7721425473699,-115.4634899159543,-0.0,-125888.0783810821,69913.86599260065,0.0,0.0,10459.356179856508,-0.0,0.0,-0.0,0.0,0.0,-4853.731954866722,-424.2445646848799,-1805.6809703762985,-437.39463217818246,-0.0,-72852.17005035077,23775.429817951783,0.0,0.0,11453.297346166912,-0.0,0.0,-0.0,0.0,0.0,-6320.0,-149.67736580000002,-858.6117811266776,-162.74211207966079,-0.0,-27737.69590511235
t25,110420.97788221885,0.0,0.0,0.0,-0.0,0.0,-0.0,0.0,0.0,6447.751823982279,-158.437768559914,-878.7721425473699,-115.4634899159543,-0.0,-115716.05630517787,80426.48440742891,0.0,0.0,0.0,-0.0,0.0,-0.0,0.0,0.0,-9452.876559568784,-229.60852082621298,-1805.6809703762985,-437.39463217818246,-0.0,-68500.92372447946,26502.298929055203,0.0,0.0,0.0,-0.0,0.0,-0.0,0.0,0.0,3005.1247355865053,-71.170752266299,-3418.4519233975125,-162.74211207966079,-0.0,-25855.058876898234
t26,113364.72088905441,0.0,0.0,0.0,-0.0,0.0,-0.0,0.0,0.0,20156.0,-495.28451935999993,-24455.274665701996,-115.4634899159543,-0.0,-108454.69821407662,96927.49954944511,0.0,0.0,0.0,-0.0,0.0,-0.0,0.0,0.0,-26476.0,-644.96188516,-3793.6633020718905,-437.39463217818246,-0.0,-65575.47973003508,26851.023008152457,0.0,0.0,0.0,-1236.266421944703,0.0,-0.0,0.0,0.0,6320.0,-149.67736580000002,-6949.7902529127305,-162.74211207966076,-0.0,-24672.546855415367
t27,109233.66913798968,0.0,0.0,0.0,-420.4821610574742,0.0,-0.0,0.0,0.0,20156.0,-495.28451935999993,-24828.46180089901,-115.4634899159543,-0.0,-103529.97716675723,102099.09168222045,0.0,0.0,0.0,-6677.387073425298,0.0,-0.0,0.0,0.0,-26476.0,-644.96188516,-3793.6633020718905,-437.39463217818246,-0.0,-64069.68478938508,24647.60658366236,0.0,0.0,0.0,-0.0,0.0,-0.0,0.0,0.0,6320.0,-149.67736580000002,-6639.394681460356,-162.74211207966076,-0.0,-24015.792424322335
t28,105902.15971886844,0.0,0.0,0.0,-72.42400456320975,0.0,-0.0,0.0,0.0,20156.0,-495.28451935999993,-24828.46180089901,-115.4634899159543,-0.0,-100546.52590413026,95643.82299353629,0.0,0.0,0.0,-134.21441856195213,0.0,-0.0,0.0,0.0,-26476.0,-644.96188516,-3793.6633020718905,-437.39463217818246,-0.0,-64157.58875556429,23350.858855695053,0.0,0.0,0.0,-0.0,0.0,-0.0,0.0,0.0,6320.0,-149.67736580000002,-5485.1502734472,-162.74211207966079,-0.0,-23873.28910436819
t29,105291.77922478858,0.0,0.0,417.1957785813469,-0.0,0.0,-0.0,0.0,0.0,20156.0,-495.28451935999993,-24828.46180089901,-115.4634899159543,-0.0,-100425.76519319498,92293.48409135368,0.0,0.0,5765.339502818009,-0.0,0.0,-0.0,0.0,0.0,-26476.0,-644.96188516,-3793.6633020718905,-437.39463217818246,-0.0,-66706.80377476162,27802.291934535104,0.0,0.0,0.0,-2432.7118677515637,0.0,-0.0,0.0,0.0,6320.0,-149.67736580000002,-6949.7902529127305,-162.74211207966076,-0.0,-24427.37033599115
t30,123469.66766232841,0.0,0.0,0.0,-0.0,0.0,-0.0,0.0,0.0,4833.5116964332765,-118.77175617130845,-24828.46180089901,-115.4634899159543,-0.0,-103240.48231177541,94133.83994911995,0.0,0.0,0.0,-7719.886501518128,0.0,-0.0,0.0,0.0,-11153.511696433277,-268.4491219713085,-3793.6633020718905,-437.39463217818246,-0.0,-70760.93469494717,36663.131164551065,0.0,0.0,0.0,-9639.27342699545,0.0,-0.0,0.0,0.0,6320.0,-149.67736580000002,-6949.7902529127305,-162.74211207966076,-0.0,-26081.648006763215
t31,179026.77778800027,0.0,0.0,0.0,-45837.41770685267,0.0,-0.0,0.0,0.0,-0.0,-0.0,-24828.46180089901,-115.4634899159543,-0.0,-108245.43479033261,106722.73025965519,0.0,0.0,0.0,-19205.3560345716,0.0,-0.0,0.0,0.0,-6320.0,-149.67736580000002,-3793.6633020718905,-437.39463217818246,-0.0,-76816.63892503352,41530.308174907776,0.0,0.0,0.0,-11552.825725010594,0.0,-0.0,0.0,0.0,6320.0,-149.67736580000002,-6949.7902529127305,-162.74211207966079,-0.0,-29035.272719104778
t32,185142.75253685436,0.0,0.0,0.0,-46271.8491446492,0.0,-0.0,0.0,0.0,-0.0,-0.0,-24828.46180089901,-115.4634899159543,-0.0,-113926.9781013902,121801.34363198352,0.0,0.0,0.0,-29886.06080966185,0.0,-0.0,0.0,0.0,-5732.718698566141,-135.768707859776,-3793.6633020718905,-437.39463217818246,-0.0,-81815.73748164567,44935.86248938483,0.0,0.0,0.0,-11577.426458760769,0.0,-0.0,0.0,0.0,5732.718698566141,-135.768707859776,-6949.7902529127305,-162.74211207966079,-0.0,-31842.85365633805
t33,192192.36581974034,0.0,0.0,0.0,-46271.8491446492,0.0,-0.0,0.0,0.0,-0.0,-0.0,-24828.46180089901,-115.4634899159543,-0.0,-120976.59138427618,128253.12843678938,0.0,0.0,0.0,-32786.040360834544,0.0,-0.0,0.0,0.0,-5496.190499402418,-130.16698036163615,-3793.6633020718905,-437.39463217818246,-0.0,-85609.67266194073,46904.26732794479,0.0,0.0,0.0,-11577.426458760769,0.0,-0.0,0.0,0.0,5496.190499402418,-130.16698036163615,-6949.7902529127305,-162.74211207966079,-0.0,-33580.33202323241
t34,199125.3540324765,0.0,0.0,0.0,-46271.8491446492,0.0,-0.0,0.0,0.0,-0.0,-0.0,-24828.46180089901,-115.4634899159543,-0.0,-127909.57959701233,108584.09165091976,0.0,0.0,0.0,-9707.103584471648,0.0,-0.0,0.0,0.0,-5634.544374879291,-133.44363283467405,-3793.6633020718905,-437.39463217818246,-0.0,-88877.94212448406,47933.114736864576,0.0,0.0,0.0,-11577.426458760769,0.0,-0.0,0.0,0.0,5634.544374879291,-133.44363283467405,-6949.7902529127305,-162.74211207966076,-0.0,-34744.256655156045
t35,174525.19468330708,0.0,0.0,0.0,-15176.09698967172,0.0,-0.0,0.0,0.0,522.1870286886513,-12.831472093673606,-24828.46180089901,-115.4634899159543,-0.0,-134914.5279594154,135126.3437494706,0.0,0.0,0.0,-32786.040360834544,0.0,-0.0,0.0,0.0,-6842.1870286886515,-162.50883789367361,-3793.6633020718905,-437.39463217818246,-0.0,-91104.54958780367,47910.989182023746,0.0,0.0,0.0,-11307.544911152976,0.0,-0.0,0.0,0.0,6320.0,-149.67736580000002,-6949.7902529127305,-162.74211207966079,-0.0,-35661.23454007839
t36,221514.43190696315,0.0,0.0,0.0,-46271.8491446492,0.0,-0.0,0.0,0.0,-9065.434071671254,-222.7609226521862,-24828.46180089901,-115.4634899159543,-0.0,-141010.46247717555,119237.13393775486,0.0,0.0,0.0,-24454.91009901037,0.0,-0.0,0.0,0.0,2745.434071671253,-372.43828845218616,-3793.6633020718905,-437.39463217818246,-0.0,-92924.1616877135,44530.56143970113,0.0,0.0,0.0,-7478.364478043153,0.0,-0.0,0.0,0.0,6320.0,-149.67736580000002,-6949.7902529127305,-162.74211207966076,-0.0,-36109.98723086568
t37,180074.85526806166,0.0,0.0,0.0,-0.0,0.0,-0.0,0.0,0.0,-8775.801879712973,-215.64391823735986,-24828.46180089901,-115.4634899159543,-0.0,-146139.48417929639,104685.91086217572,0.0,0.0,0.0,-7753.212554579367,0.0,-0.0,0.0,0.0,2455.801879712974,-365.3212840373599,-3793.6633020718905,-437.39463217818246,-0.0,-94792.12096902188,43564.756375375306,0.0,0.0,0.0,-6212.505839403856,0.0,-0.0,0.0,0.0,6320.0,-149.67736580000002,-6949.7902529127305,-162.74211207966076,-0.0,-36410.040805179066
t38,183590.28808202306,0.0,0.0,0.0,-0.0,0.0,-0.0,0.0,0.0,-7805.572988849136,-191.8029106028747,-24828.46180089901,-115.4634899159543,-0.0,-150648.98689175613,99247.75094423613,0.0,0.0,0.0,-0.0,0.0,-0.0,0.0,0.0,1485.5729888491353,-341.4802764028747,-3793.6633020718905,-437.39463217818246,-0.0,-96160.78572243231,42183.815584841584,0.0,0.0,0.0,-4708.5342322637325,0.0,-0.0,0.0,0.0,6320.0,-149.67736580000002,-6949.7902529127305,-162.74211207966076,-0.0,-36533.07162178544
t39,186812.87548770136,0.0,0.0,0.0,-0.0,0.0,-0.0,0.0,0.0,-20156.0,-495.28451935999993,-12320.223842291023,-115.4634899159543,-0.0,-153725.90363613438,88914.05384267533,0.0,0.0,0.0,-0.0,0.0,-0.0,0.0,0.0,13835.999999999998,-644.96188516,-3793.6633020718905,-437.39463217818246,-0.0,-97874.03402326527,41115.55027648506,0.0,0.0,0.0,-3731.4356441263385,0.0,-0.0,0.0,0.0,6320.0,-149.67736580000002,-6949.7902529127305,-162.74211207966079,-0.0,-36441.904901566326
t40,187990.5206137883,0.0,0.0,0.0,-0.0,0.0,-0.0,0.0,0.0,-20156.0,-495.28451935999993,-11262.141559761198,-115.4634899159543,-0.0,-155961.63104475115,81033.36283263846,0.0,0.0,0.0,-0.0,0.0,-0.0,0.0,0.0,21237.91001702797,-520.9075322368006,-1805.6809703762985,-437.39463217818246,-0.0,-99507.28971487515,38416.782025472334,0.0,0.0,0.0,-0.0,0.0,-0.0,0.0,0.0,-1081.9100170279733,-25.62301287680066,-858.6117811266776,-162.74211207966079,-0.0,-36287.895102361224
t41,178902.41113528566,0.0,0.0,0.0,-0.0,0.0,-0.0,0.0,0.0,-20119.6496976239,-494.39129937384513,-878.7721425473699,-115.4634899159543,-0.0,-157294.13450582462,71794.95333346784,0.0,0.0,11149.418550502056,-0.0,0.0,-0.0,0.0,0.0,20119.6496976239,-494.39129937384513,-1805.6809703762985,-437.39463217818246,-0.0,-100326.55467966547,36611.24858137214,341.75381200597445,0.0,209.3177132926236,-0.0,0.0,-0.0,0.0,0.0,0.0,-0.0,-858.6117811266776,-162.74211207966079,-0.0,-36140.9662134644
t42,154279.86261343304,0.0,0.0,23151.29933728143,-0.0,0.0,-0.0,0.0,0.0,-20156.0,-495.28451935999993,-539.9080160780683,-107.12284200744939,-0.0,-156132.84657326897,60878.39123582122,0.0,0.0,20807.779396205806,-0.0,0.0,-0.0,0.0,0.0,20156.0,-495.28451935999993,-1805.6809703762985,-437.39463217818246,-0.0,-99103.81051011254,29326.92545894424,488.21973143710636,0.0,6746.18265387409,-0.0,0.0,-0.0,0.0,0.0,0.0,-0.0,-858.6117811266776,-162.74211207966079,-0.0,-35539.97395104908
t43,106485.46085549219,0.0,0.0,46271.8491446492,-0.0,0.0,-0.0,0.0,0.0,-0.0,-0.0,-100.5219448043834,-96.3079925438044,-0.0,-152560.48006279324,65860.4359108069,0.0,0.0,32786.040360834544,-0.0,0.0,-0.0,0.0,0.0,0.0,-0.0,-1805.6809703762985,-437.39463217818246,-0.0,-96403.40066908694,24401.625120979992,178.82509754184102,0.0,11146.215323145012,-0.0,0.0,-0.0,0.0,0.0,0.0,-0.0,-858.6117811266776,-162.74211207966076,-0.0,-34705.311648460505
t44,101206.29670205765,0.0,0.0,46271.8491446492,-0.0,0.0,-0.0,0.0,0.0,-0.0,-0.0,-0.0,-93.83379098866433,-0.0,-147384.3120557182,63174.969744031754,0.0,0.0,32786.040360834544,-0.0,0.0,-0.0,0.0,0.0,0.0,-0.0,-1805.6809703762985,-437.39463217818246,-0.0,-93717.93450231182,23155.619378215433,488.21973143710636,0.0,11577.426458760769,-0.0,0.0,-0.0,0.0,0.0,0.0,-0.0,-858.6117811266776,-162.74211207966079,-0.0,-34199.91167520697
t45,111175.2475474125,0.0,0.0,32109.153243668643,-0.0,0.0,-0.0,0.0,0.0,-361.2286004635347,-8.876311458606235,-439.38607127368493,-104.64864045230932,-0.0,-142370.26116743303,65402.503264194056,0.0,0.0,30189.837655114443,-0.0,0.0,-0.0,0.0,0.0,-436.0236363272163,-27.757737832181782,-1805.6809703762985,-437.39463217818246,-0.0,-92885.48394259463,22265.724230442836,488.21973143710636,0.0,11577.426458760769,-0.0,0.0,-0.0,0.0,0.0,797.252236790751,-18.88142637357555,-858.6117811266776,-162.74211207966076,-0.0,-34088.38733785155
t46,125930.8478009743,0.0,0.0,30668.860821067865,-0.0,0.0,-0.0,0.0,0.0,-18858.642798493405,-463.4051316845471,-878.7721425473699,-115.4634899159543,-0.0,-136283.42505940088,71253.38862672777,0.0,0.0,0.0,-0.0,0.0,-0.0,0.0,0.0,18858.642798493405,-463.4051316845471,-1805.6809703762985,-437.39463217818246,-0.0,-87405.55069098216,21642.959913608986,488.21973143710636,0.0,11577.426458760769,-0.0,0.0,-0.0,0.0,0.0,0.0,-0.0,-858.6117811266776,-162.74211207966076,-0.0,-32687.25221060052
t47,126877.39067353377,0.0,0.0,12368.158744028939,-0.0,0.0,-0.0,0.0,0.0,-12371.881057792165,-304.0087896054614,-878.7721425473699,-115.4634899159543,-0.0,-125575.42393770174,69889.15698466831,0.0,0.0,0.0,-0.0,0.0,-0.0,0.0,0.0,12371.881057792165,-304.0087896054614,-1805.6809703762985,-437.39463217818246,-0.0,-79713.95365030055,20037.10472142281,488.21973143710636,0.0,10350.032413846155,-0.0,0.0,-0.0,0.0,0.0,0.0,-0.0,-858.6117811266776,-162.74211207966079,-0.0,-29854.002973499726
t48,120845.77594167837,0.0,0.0,0.0,-0.0,0.0,-0.0,0.0,0.0,-6065.023899143502,-149.03316366313766,-878.7721425473699,-115.4634899159543,-0.0,-113637.48324640837,67803.93537683788,0.0,0.0,1109.8495627258253,-0.0,0.0,-0.0,0.0,0.0,6065.023899143502,-149.03316366313766,-1805.6809703762985,-437.39463217818246,-0.0,-72586.70007248953,20673.169435934484,488.21973143710636,0.0,7016.140871879547,-0.0,0.0,-0.0,0.0,0.0,0.0,-0.0,-858.6117811266776,-162.74211207966079,-0.0,-27156.1761460448
t49,103464.11012933754,0.0,0.0,17458.640867917333,-0.0,0.0,-0.0,0.0,0.0,-15629.050690982715,-384.04578584721423,-878.7721425473699,-115.4634899159543,-0.0,-103915.41888796161,55086.72482051791,0.0,0.0,0.0,-0.0,0.0,-0.0,0.0,0.0,15629.050690982715,-384.04578584721423,-1805.6809703762985,-437.39463217818246,-0.0,-68088.65412309894,23063.103940945442,488.21973143710636,0.0,2839.161627816266,-0.0,0.0,-0.0,0.0,0.0,0.0,-0.0,-858.6117811266776,-162.74211207966079,-0.0,-25369.131406992474
t50,99740.13345412366,0.0,0.0,0.0,-0.0,0.0,-0.0,0.0,0.0,-1372.423816007318,-33.723966564268785,-878.7721425473699,-115.4634899159543,-0.0,-97339.75003908873,56376.57547674897,0.0,0.0,10233.377876342798,-0.0,0.0,-0.0,0.0,0.0,1372.423816007318,-33.723966564268785,-1805.6809703762985,-437.39463217818246,-0.0,-65705.57759998033,23852.966387404005,341.75381200597445,0.0,1084.9472961773022,-0.0,0.0,-0.0,0.0,0.0,0.0,-0.0,-858.6117811266776,-162.74211207966076,-0.0,-24258.31360238095
t51,96651.0508065347,0.0,0.0,0.0,-0.0,0.0,-0.0,0.0,0.0,-2644.949594680295,-64.99318261225723,-878.7721425473699,-115.4634899159543,-0.0,-92946.87239677881,64025.22251476661,0.0,0.0,0.0,-0.0,0.0,-0.0,0.0,0.0,2464.057977751232,-69.27726183966938,-1805.6809703762985,-437.39463217818246,-0.0,-64176.92762812372,24495.871898950576,0.0,0.0,0.0,-0.0,0.0,-0.0,0.0,0.0,180.89161692906274,-4.284079227412152,-858.6117811266776,-162.74211207966079,-0.0,-23651.125543445884
t52,101363.38875745842,0.0,0.0,0.0,-0.0,0.0,-0.0,0.0,0.0,-9524.06010545612,-234.0305383849268,-878.7721425473699,-115.4634899159543,-0.0,-90611.06248115403,65277.487105247485,0.0,0.0,0.0,-1383.3577891400205,0.0,-0.0,0.0,0.0,3204.0601054561184,-383.70790418492686,-1805.6809703762985,-437.39463217818246,-0.0,-64471.40591482411,23929.016989033516,0.0,0.0,0.0,-5449.873145083205,0.0,-0.0,0.0,0.0,6320.0,-149.67736580000002,-858.6117811266776,-162.74211207966076,-0.0,-23628.11258494397
t53,115647.97342581906,0.0,0.0,0.0,-0.0,0.0,-0.0,0.0,0.0,-20156.0,-495.28451935999993,-3821.032346088725,-115.4634899159543,-0.0,-91060.1930704544,65909.39752377744,0.0,0.0,0.0,-9849.924696968405,0.0,-0.0,0.0,0.0,13835.999999999998,-644.96188516,-1805.6809703762985,-437.39463217818246,-0.0,-67007.43533909455,27862.86646387052,0.0,0.0,0.0,-8778.304788562222,0.0,-0.0,0.0,0.0,6320.0,-149.67736580000002,-858.6117811266776,-162.74211207966076,-0.0,-24233.530416301965
t54,140031.74001787457,0.0,0.0,0.0,-0.0,0.0,-0.0,0.0,0.0,-20156.0,-495.28451935999993,-24828.46180089901,-115.4634899159543,-0.0,-94436.53020769957,78791.86640126516,0.0,0.0,0.0,-21392.560540000602,0.0,-0.0,0.0,0.0,16744.254189825828,-576.0853303799457,-1805.6809703762985,-437.39463217818246,-0.0,-71324.39911815595,35402.59018688821,0.0,0.0,0.0,-11577.426458760769,0.0,-0.0,0.0,0.0,3411.7458101741718,-80.80081101994571,-858.6117811266776,-162.74211207966079,-0.0,-26134.75483407532
t55,145068.95049455826,0.0,0.0,0.0,-0.0,0.0,-0.0,0.0,0.0,-20156.0,-495.28451935999993,-24828.46180089901,-115.4634899159543,-0.0,-99473.74068438333,92710.00760551359,0.0,0.0,0.0,-30110.569304555618,0.0,-0.0,0.0,0.0,18000.796561304072,-546.326477187074,-1805.6809703762985,-437.39463217818246,-0.0,-77810.83278252048,39760.90628901069,0.0,0.0,0.0,-11577.426458760769,0.0,-0.0,0.0,0.0,2155.2034386959276,-51.04195782707409,-858.6117811266776,-162.74211207966079,-0.0,-29266.287417912434
t56,196990.08495213854,0.0,0.0,0.0,-46271.8491446492,0.0,-0.0,0.0,0.0,-20156.0,-495.28451935999993,-24828.46180089901,-115.4634899159543,-0.0,-105123.02599731437,102055.88779445636,0.0,0.0,0.0,-32786.040360834544,0.0,-0.0,0.0,0.0,17230.28981519933,-564.5744866946828,-1805.6809703762985,-437.39463217818246,-0.0,-83692.48715957197,41988.825678411195,0.0,0.0,0.0,-11577.426458760769,0.0,-0.0,0.0,0.0,2925.7101848006714,-69.28996733468286,-858.6117811266776,-162.74211207966076,-0.0,-32246.46554391005
t57,203884.19814149142,0.0,0.0,0.0,-46271.8491446492,0.0,-0.0,0.0,0.0,-20156.0,-495.28451935999993,-24828.46180089901,-115.4634899159543,-0.0,-112017.13918666725,106426.8109876984,0.0,0.0,0.0,-30972.77812015926,0.0,-0.0,0.0,0.0,16119.848834617098,-590.8732020190369,-1805.6809703762985,-437.39463217818246,-0.0,-88739.9328975827,42884.68295810627,0.0,0.0,0.0,-11577.426458760769,0.0,-0.0,0.0,0.0,4036.1511653829007,-95.58868265903682,-858.6117811266776,-162.74211207966079,-0.0,-34226.46508886302
t58,211443.32236914543,0.0,0.0,0.0,-46271.8491446492,0.0,-0.0,0.0,0.0,-20156.0,-495.28451935999993,-24828.46180089901,-115.4634899159543,-0.0,-119576.26341432123,105500.2744405391,0.0,0.0,0.0,-24023.19920578241,0.0,-0.0,0.0,0.0,14906.635865323622,-619.6058794554677,-1805.6809703762985,-437.39463217818246,-0.0,-93521.02961807037,43071.24392469007,0.0,0.0,0.0,-11577.426458760769,0.0,-0.0,0.0,0.0,5249.364134676377,-124.32136009546781,-858.6117811266776,-162.74211207966079,-0.0,-35597.50634730386
t59,219262.16483812596,0.0,0.0,0.0,-46271.8491446492,0.0,-0.0,0.0,0.0,-20156.0,-495.28451935999993,-24828.46180089901,-115.4634899159543,-0.0,-127395.10588330177,100125.20658257631,0.0,0.0,0.0,-13780.180288041189,0.0,-0.0,0.0,0.0,13835.999999999998,-644.96188516,-1805.6809703762985,-437.39463217818246,-0.0,-97292.98880682063,41582.58454080586,0.0,0.0,0.0,-10022.3440160956,0.0,-0.0,0.0,0.0,6320.0,-149.67736580000002,-858.6117811266776,-162.74211207966079,-0.0,-36709.209265703925
t60,225905.57901682748,0.0,0.0,0.0,-45563.74826312655,0.0,-0.0,0.0,0.0,-20156.0,-495.28451935999993,-24828.46180089901,-115.4634899159543,-0.0,-134746.62094352595,86518.45251473482,0.0,0.0,0.0,-0.0,0.0,-0.0,0.0,0.0,16402.413445424478,-584.1811883142976,-1805.6809703762985,-437.39463217818246,-0.0,-100093.60916929053,40166.226105186215,0.0,0.0,0.0,-5438.28771807292,0.0,-0.0,0.0,0.0,3753.586554575519,-88.89666895429774,-858.6117811266776,-162.74211207966076,-0.0,-37371.274379528164
t61,199935.5615088068,0.0,0.0,0.0,-12554.043010104997,0.0,-0.0,0.0,0.0,-20156.0,-495.28451935999993,-24828.46180089901,-115.4634899159543,-0.0,-141786.30868852683,71658.41839865826,0.0,0.0,15082.915133180031,-0.0,0.0,-0.0,0.0,0.0,19874.53515392412,-501.95048719638294,-1805.6809703762985,-437.39463217818246,-0.0,-103870.84259601154,38310.68431076422,341.75381200597445,0.0,0.0,-0.0,0.0,-0.0,0.0,0.0,281.4648460758786,-6.665967836382907,-858.6117811266776,-162.74211207966079,-0.0,-37905.883107803355
t62,197319.41105146686,0.0,0.0,0.0,-2895.72342329288,0.0,-0.0,0.0,0.0,-20156.0,-495.28451935999993,-24828.46180089901,-115.4634899159543,-0.0,-148828.477817999,65238.566436618356,0.0,0.0,29435.07548376985,-0.0,0.0,-0.0,0.0,0.0,15515.901428377681,-605.1765654442992,-1805.6809703762985,-437.39463217818246,-0.0,-107341.29118076709,34427.48742411613,488.21973143710636,0.0,0.0,-0.0,0.0,-0.0,0.0,0.0,4640.098571622318,-109.89204608429924,-858.6117811266776,-162.74211207966076,-0.0,-38424.55978788491
t63,196516.27291848772,0.0,0.0,4178.700396749651,-0.0,0.0,-0.0,0.0,0.0,-20156.0,-495.28451935999993,-24828.46180089901,-115.4634899159543,-0.0,-155099.7635050624,69853.98616039856,0.0,0.0,30014.186291147482,-0.0,0.0,-0.0,0.0,0.0,13835.999999999998,-644.96188516,-1805.6809703762985,-437.39463217818246,-0.0,-110816.13496383159,29730.8828927502,488.21973143710636,0.0,3378.669841730713,-0.0,0.0,-0.0,0.0,0.0,6320.0,-149.67736580000002,-858.6117811266776,-162.74211207966079,-0.0,-38746.741206911676
t64,196154.19226972247,0.0,0.0,2408.2632063566302,-0.0,0.0,-0.0,0.0,0.0,-20156.0,-495.28451935999993,-17341.94340089129,-115.4634899159543,-0.0,-160453.76406591196,77572.57213182814,0.0,0.0,25032.929826538813,-0.0,0.0,-0.0,0.0,0.0,13835.999999999998,-644.96188516,-1805.6809703762985,-437.39463217818246,-0.0,-113553.46447065244,25967.70004748909,488.21973143710636,0.0,7298.517827562535,-0.0,0.0,-0.0,0.0,0.0,6320.0,-149.67736580000002,-858.6117811266776,-162.74211207966076,-0.0,-38903.406347482385
t65,191647.05624382242,0.0,0.0,4074.244461141406,-0.0,0.0,-0.0,0.0,0.0,-20156.0,-495.28451935999993,-11130.241389630377,-115.4634899159543,-0.0,-163824.3113060575,99115.19814400426,0.0,0.0,4657.668485222686,-0.0,0.0,-0.0,0.0,0.0,13835.999999999998,-644.96188516,-1805.6809703762985,-437.39463217818246,-0.0,-114720.82914151247,23464.429919204456,488.21973143710636,0.0,9694.68918743443,-0.0,0.0,-0.0,0.0,0.0,6320.0,-149.67736580000002,-858.6117811266776,-162.74211207966079,-0.0,-38796.307579069646
t66,175418.588145513,0.0,0.0,20441.670089842082,-0.0,0.0,-0.0,0.0,0.0,-20156.0,-495.28451935999993,-11130.241389630379,-115.4634899159543,-0.0,-163963.26883644878,85933.92038857158,0.0,0.0,16864.091255727868,-0.0,0.0,-0.0,0.0,0.0,13835.999999999998,-644.96188516,-1805.6809703762985,-437.39463217818246,-0.0,-113745.97415658494,20899.26991691756,488.21973143710636,0.0,11577.426458760769,-0.0,0.0,-0.0,0.0,0.0,6320.0,-149.67736580000002,-858.6117811266776,-162.74211207966076,-0.0,-38113.8848481091
t67,137529.96261328578,0.0,0.0,46271.8491446492,-0.0,0.0,-0.0,0.0,0.0,-20156.0,-495.28451935999993,-2552.3501972489144,-115.4634899159543,-0.0,-160482.71355141015,81904.12268017614,0.0,0.0,17975.47728697328,-0.0,0.0,-0.0,0.0,0.0,13835.999999999998,-644.96188516,-1805.6809703762985,-437.39463217818246,-0.0,-110827.56247943488,19903.5169048156,488.21973143710636,0.0,11577.426458760769,-0.0,0.0,-0.0,0.0,0.0,6320.0,-149.67736580000002,-858.6117811266776,-162.74211207966076,-0.0,-37118.13183600713
t68,130522.08409115477,0.0,0.0,46271.8491446492,-0.0,0.0,-0.0,0.0,0.0,-20156.0,-495.28451935999993,-1942.30797021685,-115.4634899159543,-0.0,-154084.87725631183,96686.92791552017,0.0,0.0,0.0,-0.0,0.0,-0.0,0.0,0.0,13835.999999999998,-644.96188516,-1805.6809703762985,-437.39463217818246,-0.0,-107634.89042780567,19637.96398858309,488.21973143710636,0.0,11090.632654738449,-0.0,0.0,-0.0,0.0,0.0,6320.0,-149.67736580000002,-858.6117811266776,-162.74211207966079,-0.0,-36365.78511575231
t69,140369.62214732543,0.0,0.0,38671.86653223497,-0.0,0.0,-0.0,0.0,0.0,-20045.4542256439,-492.5681266868883,-11130.241389630377,-115.4634899159543,-0.0,-147257.7614476833,96664.25404397958,0.0,0.0,0.0,-0.0,0.0,-0.0,0.0,0.0,13725.454225643902,-642.2454924868883,-3793.6633020718905,-437.39463217818246,-0.0,-105516.40484288652,20355.466817002336,488.21973143710636,0.0,10240.362758038946,-0.0,0.0,-0.0,0.0,0.0,6320.0,-149.67736580000002,-858.6117811266776,-162.74211207966076,-0.0,-36233.01804747205
t70,146154.39309088822,0.0,0.0,20117.549195225296,-0.0,0.0,-0.0,0.0,0.0,-14846.166792118724,-364.80832426934484,-11130.241389630379,-115.4634899159543,-0.0,-139815.26229017915,95323.18734231325,0.0,0.0,0.0,-0.0,0.0,-0.0,0.0,0.0,8526.166792118722,-514.4856900693449,-3793.6633020718905,-437.39463217818246,-0.0,-99103.81051011254,20487.62192914637,488.21973143710636,0.0,8697.33626696999,-0.0,0.0,-0.0,0.0,0.0,6320.0,-149.67736580000002,-858.6117811266776,-162.74211207966076,-0.0,-34822.14666854713
t71,145095.6411102558,0.0,0.0,7056.084108449749,-0.0,0.0,-0.0,0.0,0.0,-12571.723373261299,-308.91942689286566,-11130.241389630377,-115.4634899159543,-0.0,-128025.37753900506,88465.65735578992,0.0,0.0,0.0,-0.0,0.0,-0.0,0.0,0.0,6251.723373261298,-458.5967926928657,-3793.6633020718905,-437.39463217818246,-0.0,-90027.72600210825,21185.87682214646,488.21973143710636,0.0,5048.997116782455,-0.0,0.0,-0.0,0.0,0.0,6320.0,-149.67736580000002,-858.6117811266776,-162.74211207966076,-0.0,-31872.062411359708
t72,134577.47069054295,0.0,0.0,18807.735023964415,-0.0,0.0,-0.0,0.0,0.0,-13196.646029282683,-324.2753763533105,-24828.46180089901,-115.4634899159543,-0.0,-114920.3590180564,79935.06425681959,0.0,0.0,0.0,-0.0,0.0,-0.0,0.0,0.0,6876.646029282682,-473.9527421533105,-3793.6633020718905,-437.39463217818246,-0.0,-82106.69960969887,23430.440445568864,341.75381200597445,0.0,138.0077928267287,-0.0,0.0,-0.0,0.0,0.0,6320.0,-149.67736580000002,-858.6117811266776,-162.74211207966076,-0.0,-29059.170791395223
t73,131172.72855003845,0.0,0.0,0.0,-0.0,0.0,-0.0,0.0,0.0,-11098.154954155625,-272.71007850028633,-15235.82922186717,-115.4634899159543,-0.0,-104450.57080559943,76496.7825445104,0.0,0.0,0.0,-0.0,0.0,-0.0,0.0,0.0,4778.154954155624,-422.38744430028635,-3793.6633020718905,-437.39463217818246,-0.0,-76621.49212011565,24662.324487988422,0.0,0.0,0.0,-0.0,0.0,-0.0,0.0,0.0,6320.0,-149.67736580000002,-3644.725704767151,-162.74211207966076,-0.0,-27025.179305341608
t74,128604.61244062947,0.0,0.0,0.0,-0.0,0.0,-0.0,0.0,0.0,-6320.304026199742,-155.30604990203472,-24828.46180089901,-115.4634899159543,-0.0,-97185.07707371273,85238.98123738615,0.0,0.0,0.0,-7720.0969536759785,0.0,-0.0,0.0,0.0,0.30402619974179146,-304.98341570203473,-3793.6633020718905,-437.39463217818246,-0.0,-72983.14695995781,25390.783708800205,0.0,0.0,0.0,-0.0,0.0,-0.0,0.0,0.0,6320.0,-149.67736580000002,-5669.876625782823,-162.74211207966079,-0.0,-25728.487605137718
t75,126663.88397718749,0.0,0.0,0.0,-9241.240826507168,0.0,-0.0,0.0,0.0,-0.0,-0.0,-24828.46180089901,-115.4634899159543,-0.0,-92478.71785986536,80965.09530253791,0.0,0.0,0.0,-0.0,0.0,-0.0,0.0,0.0,-5666.6079021893465,-134.2029974400578,-3793.6633020718905,-437.39463217818246,-0.0,-70933.22646865844,26579.281303627915,0.0,0.0,0.0,-0.0,0.0,-0.0,0.0,0.0,5666.6079021893465,-134.2029974400578,-6949.7902529127305,-162.74211207966079,-0.0,-24999.15384338481
t76,127866.64361117662,0.0,0.0,0.0,-0.0,0.0,-0.0,0.0,0.0,-12865.652639054942,-316.14202141233596,-24828.46180089901,-115.4634899159543,-0.0,-89740.92365989438,73357.4227943692,0.0,0.0,0.0,-4794.25204791116,0.0,-0.0,0.0,0.0,6768.066344480873,-460.55193506898615,-3793.6633020718905,-437.39463217818246,-0.0,-70639.62722161986,25956.703883673777,0.0,0.0,0.0,-0.0,0.0,-0.0,0.0,0.0,6097.58629457407,-144.40991365665028,-6949.7902529127305,-162.74211207966079,-0.0,-24797.34789959881
t77,132081.24490780005,0.0,0.0,0.0,-17351.73103660779,0.0,-0.0,0.0,0.0,-0.0,-0.0,-24828.46180089901,-115.4634899159543,-0.0,-89785.5885803773,89051.97420857153,0.0,0.0,0.0,-5885.468962846639,0.0,-0.0,0.0,0.0,-5650.580360976691,-133.823415138007,-3793.6633020718905,-437.39463217818246,-0.0,-73151.04353536012,26962.251484780572,0.0,0.0,0.0,-0.0,0.0,-0.0,0.0,0.0,5650.580360976691,-133.823415138007,-6949.7902529127305,-162.74211207966079,-0.0,-25366.47606562687
t78,134299.05809866916,0.0,0.0,0.0,-16024.47294618521,0.0,-0.0,0.0,0.0,-0.0,-0.0,-24828.46180089901,-115.4634899159543,-0.0,-93330.659861669,103917.63519703415,0.0,0.0,0.0,-15372.663607315484,0.0,-0.0,0.0,0.0,-6320.0,-149.67736580000002,-3793.6633020718905,-437.39463217818246,-0.0,-77844.23628966858,32750.763061518115,0.0,0.0,0.0,-4576.257398866903,0.0,-0.0,0.0,0.0,6320.0,-149.67736580000002,-6949.7902529127305,-162.74211207966079,-0.0,-27232.29593185882
t79,159498.15525996522,0.0,0.0,0.0,-35905.13605738656,0.0,-0.0,0.0,0.0,-0.0,-0.0,-24828.46180089901,-115.4634899159543,-0.0,-98649.09391176367,120035.11892370686,0.0,0.0,0.0,-30689.287657105066,0.0,-0.0,0.0,0.0,0.0,-0.0,-3793.6633020718905,-437.39463217818246,-0.0,-85114.77333235173,41653.618282147974,0.0,0.0,0.0,-4064.8479503157064,0.0,-0.0,0.0,0.0,0.0,-0.0,-6949.7902529127305,-162.74211207966079,-0.0,-30476.237966839886
t80,130712.93837881734,0.0,0.0,0.0,-0.0,0.0,-0.0,0.0,0.0,-0.0,-0.0,-24828.46180089901,-115.4634899159543,-0.0,-105769.01308800238,116347.34730161853,0.0,0.0,0.0,-16623.93915908331,0.0,-0.0,0.0,0.0,-2851.395385166918,-67.52996045981973,-3793.6633020718905,-437.39463217818246,-0.0,-92573.4248626584,49677.61000060206,0.0,0.0,0.0,-11577.426458760769,0.0,-0.0,0.0,0.0,2851.395385166918,-67.52996045981973,-6949.7902529127305,-162.74211207966079,-0.0,-33771.516601555995
t81,186195.68668083113,0.0,0.0,0.0,-46271.8491446492,0.0,-0.0,0.0,0.0,-0.0,-0.0,-24828.46180089901,-115.4634899159543,-0.0,-114979.91224536696,141115.30969905955,0.0,0.0,0.0,-32786.040360834544,0.0,-0.0,0.0,0.0,-4041.6190444782283,-95.71817913680606,-3793.6633020718905,-437.39463217818246,-0.0,-99960.87418035991,51096.566367336025,0.0,0.0,0.0,-11577.426458760769,0.0,-0.0,0.0,0.0,4041.6190444782283,-95.71817913680606,-6949.7902529127305,-162.74211207966079,-0.0,-36352.50840892429
t82,196655.549355403,0.0,0.0,0.0,-46271.8491446492,0.0,-0.0,0.0,0.0,-0.0,-0.0,-24828.46180089901,-115.4634899159543,-0.0,-125439.77491993882,144741.6507683931,0.0,0.0,0.0,-32786.040360834544,0.0,-0.0,0.0,0.0,0.0,-0.0,-3793.6633020718905,-437.39463217818246,-0.0,-107724.55247330847,57040.16905340111,0.0,0.0,0.0,-11577.426458760769,0.0,-0.0,0.0,0.0,0.0,-0.0,-6949.7902529127305,-162.74211207966079,-0.0,-38350.210229647964
t83,207839.97629558653,0.0,0.0,0.0,-46271.8491446492,0.0,-0.0,0.0,0.0,-0.0,-0.0,-24828.46180089901,-115.4634899159543,-0.0,-136624.20186012235,143020.19173367185,0.0,0.0,0.0,-17640.82119587533,0.0,-0.0,0.0,0.0,-6320.0,-149.67736580000002,-3793.6633020718905,-437.39463217818246,-0.0,-114678.63523774644,52576.345803496755,0.0,0.0,0.0,-11577.426458760769,0.0,-0.0,0.0,0.0,6320.0,-149.67736580000002,-6949.7902529127305,-162.74211207966079,-0.0,-40056.709613943596
t84,196084.39761369614,0.0,0.0,0.0,-23177.170557199297,0.0,-0.0,0.0,0.0,-0.0,-0.0,-24828.46180089901,-115.4634899159543,-0.0,-147963.30176568188,125093.73719270452,0.0,0.0,0.0,-0.0,0.0,-0.0,0.0,0.0,0.0,-0.0,-3793.6633020718905,-437.39463217818246,-0.0,-120862.67925845445,50745.96778761941,0.0,0.0,0.0,-2334.9111633686957,0.0,-0.0,0.0,0.0,0.0,-0.0,-6949.7902529127305,-162.74211207966079,-0.0,-41298.524259258316
t85,205981.36513531208,0.0,0.0,0.0,-5585.6124172875625,0.0,-0.0,0.0,0.0,-16943.177015976475,-416.33723381570286,-24828.46180089901,-115.4634899159543,-0.0,-158092.31317741738,114300.87312441414,0.0,0.0,0.0,-0.0,0.0,-0.0,0.0,0.0,16943.177015976475,-416.33723381570286,-3793.6633020718905,-437.39463217818246,-0.0,-126596.65497232486,61163.02908039752,0.0,0.0,0.0,-11577.426458760769,0.0,-0.0,0.0,0.0,0.0,-0.0,-6949.7902529127305,-162.74211207966079,-0.0,-42473.070256644365
t86,195744.5472358828,0.0,0.0,0.0,-0.0,0.0,-0.0,0.0,0.0,-20156.0,-495.28451935999993,-8137.778659795758,-115.4634899159543,-0.0,-166840.02056681103,107793.3053391742,0.0,0.0,0.0,-0.0,0.0,-0.0,0.0,0.0,26476.0,-644.96188516,-1805.6809703762985,-437.39463217818246,-0.0,-131381.2678514597,67243.20827032598,0.0,0.0,0.0,-10174.472995016538,0.0,-0.0,0.0,0.0,-6320.0,-149.67736580000002,-6949.7902529127305,-162.74211207966079,-0.0,-43486.52554451703
t87,195452.44118581124,0.0,0.0,0.0,-0.0,0.0,-0.0,0.0,0.0,-20156.0,-495.28451935999993,-878.7721425473699,-115.4634899159543,-0.0,-173806.92103398792,106000.15549455218,0.0,0.0,5141.4119163884325,-0.0,0.0,-0.0,0.0,0.0,26476.0,-644.96188516,-1805.6809703762985,-437.39463217818246,-0.0,-134729.52992322613,67776.81709446262,0.0,0.0,0.0,-9914.134750837215,0.0,-0.0,0.0,0.0,-6320.0,-149.67736580000002,-6949.7902529127305,-162.74211207966079,-0.0,-44280.472612833
t88,190808.43089099432,0.0,0.0,0.0,-0.0,0.0,-0.0,0.0,0.0,-11211.523023846377,-275.49582219484654,-878.7721425473699,-115.4634899159543,-0.0,-178327.17641248982,120453.99856068307,0.0,0.0,1942.13327588392,-0.0,0.0,-0.0,0.0,0.0,17531.523023846377,-425.17318799484656,-1805.6809703762985,-437.39463217818246,-0.0,-137259.40606986405,62562.247366365744,0.0,0.0,0.0,-4079.9853707657912,0.0,-0.0,0.0,0.0,-6320.0,-149.67736580000002,-6949.7902529127305,-162.74211207966079,-0.0,-44900.05226480756
t89,188436.67665108587,0.0,0.0,13942.13572220482,-0.0,0.0,-0.0,0.0,0.0,-20156.0,-495.28451935999993,-878.7721425473699,-115.4634899159543,-0.0,-180733.29222146733,107478.18643426428,0.0,0.0,7052.957912546956,-0.0,0.0,-0.0,0.0,0.0,26476.0,-644.96188516,-1805.6809703762985,-437.39463217818246,-0.0,-138119.1068590968,56093.13903441112,0.0,0.0,0.0,-0.0,0.0,-0.0,0.0,0.0,-6320.0,-149.67736580000002,-4274.775538027068,-162.74211207966079,-0.0,-45185.944018504386
t90,168605.4991411627,0.0,0.0,12182.411126312625,-0.0,0.0,-0.0,0.0,0.0,-0.0,-0.0,-878.7721425473699,-115.4634899159543,-0.0,-179793.67463501205,106774.26905440673,0.0,0.0,25442.388652997513,-0.0,0.0,-0.0,0.0,0.0,6320.0,-149.67736580000002,-1805.6809703762985,-437.39463217818246,-0.0,-136143.90473904976,48003.84480868367,0.0,0.0,4161.534699053777,-0.0,0.0,-0.0,0.0,0.0,-6320.0,-149.67736580000002,-858.6117811266776,-162.74211207966079,-0.0,-44674.34824873111
t91,130323.24018899316,0.0,0.0,46271.8491446492,-0.0,0.0,-0.0,0.0,0.0,-0.0,-0.0,-856.0631963121597,-114.90454221353879,-0.0,-175624.12159511668,112303.73983906617,0.0,0.0,16399.39634015474,-0.0,0.0,-0.0,0.0,0.0,6320.0,-149.67736580000002,-1805.6809703762985,-437.39463217818246,-0.0,-132630.38321086642,43507.84401147703,0.0,0.0,7611.330998211959,-0.0,0.0,-0.0,0.0,0.0,-6320.0,-149.67736580000002,-858.6117811266776,-162.74211207966079,-0.0,-43628.14375068265
t92,123798.961591399,0.0,0.0,46271.8491446492,-0.0,0.0,-0.0,0.0,0.0,-0.0,-0.0,-878.7721425473699,-115.4634899159543,-0.0,-169076.57510358488,98841.3101161551,0.0,0.0,25896.47814872135,-0.0,0.0,-0.0,0.0,0.0,6320.0,-149.67736580000002,-1805.6809703762985,-437.39463217818246,-0.0,-128665.03529652186,42476.0701097855,0.0,0.0,7538.482891811707,-0.0,0.0,-0.0,0.0,0.0,-6320.0,-149.67736580000002,-858.6117811266776,-162.74211207966079,-0.0,-42523.52174259086
t93,131611.9424373988,0.0,0.0,46271.8491446492,-0.0,0.0,-0.0,0.0,0.0,-14410.880773880024,-354.1122324690133,-878.7721425473699,-115.4634899159543,-0.0,-162124.56294323565,93425.05915487466,0.0,0.0,14546.466111388214,-0.0,0.0,-0.0,0.0,0.0,20730.880773880024,-503.78959826901325,-1626.0878842653462,-432.9742094156421,-0.0,-126139.55434819292,42074.735440449,0.0,0.0,7531.7801046335335,-0.0,0.0,-0.0,0.0,0.0,-6320.0,-149.67736580000002,-858.6117811266776,-162.74211207966079,-0.0,-42115.48428607619
t94,139071.96391222792,0.0,0.0,36121.57420100834,-0.0,0.0,-0.0,0.0,0.0,-18823.11079173938,-462.53201931666337,-878.7721425473699,-115.4634899159543,-0.0,-154913.65966971693,96560.97358922032,0.0,0.0,0.0,-0.0,0.0,-0.0,0.0,0.0,25143.11079173938,-612.2093851166635,-1805.6809703762985,-437.39463217818246,-0.0,-118848.79939328856,41340.66211372001,0.0,0.0,6574.400981471986,-0.0,0.0,-0.0,0.0,0.0,-6320.0,-149.67736580000002,-858.6117811266776,-162.74211207966079,-0.0,-40424.031836185655
t95,141677.19523728473,0.0,0.0,7238.142819789232,-0.0,0.0,-0.0,0.0,0.0,-5596.932742422687,-137.530965629146,-878.7721425473699,-115.4634899159543,-0.0,-142186.63871655884,82246.24085900492,0.0,0.0,17036.630442291123,-0.0,0.0,-0.0,0.0,0.0,11916.932742422689,-287.208331429146,-1805.6809703762985,-437.39463217818246,-0.0,-108669.52010973508,39505.39575039241,0.0,0.0,5041.809379423607,-0.0,0.0,-0.0,0.0,0.0,-6320.0,-149.67736580000002,-858.6117811266776,-162.74211207966079,-0.0,-37056.173870809675
t96,135634.41958082072,0.0,0.0,0.0,-0.0,0.0,-0.0,0.0,0.0,-5799.834437921534,-142.5167797158932,-878.7721425473699,-115.4634899159543,-0.0,-128697.83273071997,64730.51366421674,0.0,0.0,25604.48096218777,-0.0,0.0,-0.0,0.0,0.0,12119.834437921534,-292.1941455158932,-1805.6809703762985,-437.39463217818246,-0.0,-99919.55931625568,38182.72243001384,0.0,0.0,3298.7031257982762,-0.0,0.0,-0.0,0.0,0.0,-6320.0,-149.67736580000002,-1143.8730105165967,-162.74211207966079,-0.0,-33705.13306741586
t97,135515.97045344126,0.0,0.0,0.0,-0.0,0.0,-0.0,0.0,0.0,-16918.486987720342,-415.7305366149774,-878.7721425473699,-115.4634899159543,-0.0,-117187.51729664263,72926.64571856437,0.0,0.0,0.0,-0.0,0.0,-0.0,0.0,0.0,23238.486987720342,-565.4079024149775,-1805.6809703762985,-437.39463217818246,-0.0,-93356.64920131525,38626.58103850721,0.0,0.0,2169.1648856985566,-0.0,0.0,-0.0,0.0,0.0,-6320.0,-149.67736580000002,-2939.167328174065,-162.74211207966079,-0.0,-31224.15911815203
t98,136331.56864416122,0.0,0.0,0.0,-0.0,0.0,-0.0,0.0,0.0,-11267.521186767977,-276.87184041312736,-15807.585475227557,-115.4634899159543,-0.0,-108864.12665183663,80249.90497964031,0.0,0.0,0.0,-0.0,0.0,-0.0,0.0,0.0,13409.983194495084,-327.61204130603437,-3793.6633020718905,-437.39463217818246,-0.0,-89101.21819857928,38949.965579229305,0.0,0.0,0.0,-0.0,0.0,-0.0,0.0,0.0,-2142.462007727106,-50.74020089290705,-6949.7902529127305,-162.74211207966079,-0.0,-29644.23100561691
t99,125206.979365553,0.0,0.0,0.0,-0.0,0.0,-0.0,0.0,0.0,-9832.140317752734,-241.6008578863981,-11965.050479882144,-115.4634899159543,-0.0,-103052.72422011576,80817.17171818044,0.0,0.0,0.0,-0.0,0.0,-0.0,0.0,0.0,9832.140317752734,-241.6008578863981,-3793.6633020718905,-437.39463217818246,-0.0,-86176.6532437967,37282.0541625958,0.0,0.0,0.0,-1426.336628715207,0.0,-0.0,0.0,0.0,0.0,-0.0,-6949.7902529127305,-162.74211207966076,-0.0,-28743.1851688882
t100,130161.74155543711,0.0,0.0,0.0,-0.0,0.0,-0.0,0.0,0.0,-13553.976156430414,-333.05589234245576,-16445.63816680858,-115.4634899159543,-0.0,-99713.6078499397,75305.6076602264,0.0,0.0,0.0,-0.0,0.0,-0.0,0.0,0.0,14283.309555868113,-350.32878823134723,-3793.6633020718905,-437.39463217818246,-0.0,-85007.53049361309,36307.580937624996,0.0,0.0,0.0,-0.0,0.0,-0.0,0.0,0.0,-729.3333994377,-17.272895888891476,-6949.7902529127305,-162.74211207966076,-0.0,-28448.442277306018
t101,121124.26236796715,0.0,0.0,0.0,-0.0,0.0,-0.0,0.0,0.0,-8202.38775622418,-201.55366528308406,-13357.749887203481,-115.4634899159543,-0.0,-99247.10756934041,81578.8565895717,0.0,0.0,0.0,-0.0,0.0,-0.0,0.0,0.0,9587.110456447834,-234.3482295446251,-3793.6633020718905,-437.39463217818246,-0.0,-86700.56088222483,40327.31563076814,0.0,0.0,0.0,-2885.9092125806797,0.0,-0.0,0.0,0.0,-1384.7227002236527,-32.79456426154104,-6949.7902529127305,-162.74211207966079,-0.0,-28911.356788709865
t102,126101.16684048293,0.0,0.0,0.0,-0.0,0.0,-0.0,0.0,0.0,-0.0,-0.0,-24267.963975995965,-115.4634899159543,-0.0,-101717.73937457101,110396.90219433347,0.0,0.0,0.0,-13625.281375245033,0.0,-0.0,0.0,0.0,-2142.1340128884767,-50.73243294932443,-3793.6633020718905,-437.39463217818246,-0.0,-90347.6964390006,44789.67181984466,0.0,0.0,0.0,-9116.165424033043,0.0,-0.0,0.0,0.0,2142.1340128884767,-50.73243294932443,-6949.7902529127305,-162.74211207966079,-0.0,-30652.37561075837
t103,159354.57943520966,0.0,0.0,0.0,-26607.53985987119,0.0,-0.0,0.0,0.0,-945.526132564003,-23.233997623996917,-24828.46180089901,-115.4634899159543,-0.0,-106834.3541543355,134732.95530712543,0.0,0.0,0.0,-32786.040360834544,0.0,-0.0,0.0,0.0,-726.5927420606317,-62.83500212688867,-3793.6633020718905,-437.39463217818246,-0.0,-96926.4292678533,46506.36153469163,0.0,0.0,0.0,-7305.281924211499,0.0,-0.0,0.0,0.0,1672.1188746246346,-39.60100450289175,-6949.7902529127305,-162.74211207966079,-0.0,-33721.06511560949
t104,184146.80595594787,0.0,0.0,0.0,-45039.34391081473,0.0,-0.0,0.0,0.0,-0.0,-0.0,-24828.46180089901,-115.4634899159543,-0.0,-114163.53675431821,144613.96432955662,0.0,0.0,0.0,-32786.040360834544,0.0,-0.0,0.0,0.0,-2599.931889597489,-61.57451843265326,-3793.6633020718905,-437.39463217818246,-0.0,-104935.35962644187,45723.40776133785,0.0,0.0,0.0,-4063.8501416789586,0.0,-0.0,0.0,0.0,2599.931889597489,-61.57451843265326,-6949.7902529127305,-162.74211207966076,-0.0,-37085.382625831335
t105,205804.4057384054,0.0,0.0,0.0,-46271.8491446492,0.0,-0.0,0.0,0.0,-9614.827268429468,-236.26091994311918,-24828.46180089901,-115.4634899159543,-0.0,-124737.54311456862,147323.24351326074,0.0,0.0,0.0,-32786.040360834544,0.0,-0.0,0.0,0.0,3294.827268429467,-385.9382857431192,-3793.6633020718905,-437.39463217818246,-0.0,-113215.03420086246,49662.57719756638,0.0,0.0,0.0,-9051.33769220876,0.0,-0.0,0.0,0.0,6320.0,-149.67736580000002,-6949.7902529127305,-162.74211207966076,-0.0,-39669.029774565235
t106,229518.55398605342,0.0,0.0,0.0,-46271.8491446492,0.0,-0.0,0.0,0.0,-20156.0,-495.28451935999993,-24828.46180089901,-115.4634899159543,-0.0,-137651.49503122928,141574.4377219423,0.0,0.0,0.0,-32786.040360834544,0.0,-0.0,0.0,0.0,17400.343040445783,-560.5470944793848,-3793.6633020718905,-437.39463217818246,-0.0,-121397.1353728241,56968.386517853905,0.0,0.0,0.0,-10666.204518970495,0.0,-0.0,0.0,0.0,2755.656959554215,-65.2625751193848,-6949.7902529127305,-162.74211207966076,-0.0,-41880.04401832586
t107,242839.45295600285,0.0,0.0,0.0,-46271.8491446492,0.0,-0.0,0.0,0.0,-20156.0,-495.28451935999993,-24828.46180089901,-115.4634899159543,-0.0,-150972.39400117868,132767.1823560162,0.0,0.0,0.0,-19529.16748689884,0.0,-0.0,0.0,0.0,20156.0,-495.28451935999993,-3793.6633020718905,-437.39463217818246,-0.0,-128667.67241550724,58562.59603152031,0.0,0.0,0.0,-7383.788590520408,0.0,-0.0,0.0,0.0,0.0,-0.0,-6949.7902529127305,-162.74211207966076,-0.0,-44066.275076007514
t108,244459.1604009863,0.0,0.0,0.0,-35638.480070487676,0.0,-0.0,0.0,0.0,-20156.0,-495.28451935999993,-24828.46180089901,-115.4634899159543,-0.0,-163225.47052032367,113595.85070696716,0.0,0.0,0.0,-0.0,0.0,-0.0,0.0,0.0,23600.828397954374,-576.8688295243742,-2984.172810834817,-437.39463217818246,-0.0,-133198.24283238416,56640.96400464487,0.0,0.0,0.0,-0.0,0.0,-0.0,0.0,0.0,-3444.8283979543753,-81.58431016437422,-6949.7902529127305,-162.74211207966079,-0.0,-46002.018931533734
t109,214926.07329599853,0.0,0.0,0.0,-0.0,0.0,-0.0,0.0,0.0,-20156.0,-495.28451935999993,-21368.11762964234,-115.4634899159543,-0.0,-172791.20765708026,114705.80270455116,0.0,0.0,0.0,-0.0,0.0,-0.0,0.0,0.0,24791.697783604148,-605.0723410205645,-1805.6809703762985,-437.39463217818246,-0.0,-136649.35254458027,53599.27374469535,0.0,0.0,0.0,-0.0,0.0,-0.0,0.0,0.0,-4635.697783604151,-109.78782166056453,-858.6117811266776,-162.74211207966079,-0.0,-47832.43424622428
t110,202117.4398756499,0.0,0.0,0.0,-0.0,0.0,-0.0,0.0,0.0,-20156.0,-495.28451935999993,-878.7721425473699,-115.4634899159543,-0.0,-180471.9197238266,118565.73610929109,0.0,0.0,0.0,-0.0,0.0,-0.0,0.0,0.0,23006.205851378694,-562.7863079394477,-1805.6809703762985,-437.39463217818246,-0.0,-138766.08005017583,53434.62458804618,0.0,0.0,0.0,-0.0,0.0,-0.0,0.0,0.0,-2850.2058513786965,-67.50178857944772,-858.6117811266776,-162.74211207966079,-0.0,-49495.56305488169
t111,205736.51844014763,0.0,0.0,0.0,-0.0,0.0,-0.0,0.0,0.0,-18928.493917160533,-465.12155248906225,-878.7721425473699,-115.4634899159543,-0.0,-185348.66733803472,117308.12173502037,0.0,0.0,0.0,-0.0,0.0,-0.0,0.0,0.0,25248.493917160533,-614.7989182890623,-1805.6809703762985,-437.39463217818246,-0.0,-139698.74113133736,54284.95826652553,0.0,0.0,3958.4976270823176,-0.0,0.0,-0.0,0.0,0.0,-6320.0,-149.67736580000002,-858.6117811266776,-162.74211207966076,-0.0,-50752.424634601506
t112,209968.540342757,0.0,0.0,0.0,-0.0,0.0,-0.0,0.0,0.0,-20156.0,-495.28451935999993,-878.7721425473699,-115.4634899159543,-0.0,-188323.0201909337,109574.54003444327,0.0,0.0,6399.108397368994,-0.0,0.0,-0.0,0.0,0.0,26476.0,-644.96188516,-1805.6809703762985,-437.39463217818246,-0.0,-139561.61094409777,53338.342085913624,0.0,0.0,5561.868238787261,-0.0,0.0,-0.0,0.0,0.0,-6320.0,-149.67736580000002,-858.6117811266776,-162.74211207966076,-0.0,-51409.17906569454
t113,210966.05690020867,0.0,0.0,0.0,-0.0,0.0,-0.0,0.0,0.0,-20156.0,-495.28451935999993,-878.7721425473699,-115.4634899159543,-0.0,-189320.53674838535,99493.77717278278,0.0,0.0,12584.846517628323,-0.0,0.0,-0.0,0.0,0.0,26476.0,-644.96188516,-1805.6809703762985,-437.39463217818246,-0.0,-135666.5862026966,54234.93362720111,0.0,0.0,4759.09875908448,-0.0,0.0,-0.0,0.0,0.0,-6320.0,-149.67736580000002,-858.6117811266776,-162.74211207966079,-0.0,-51503.001127279254
t114,194906.09100668333,0.0,0.0,7263.218023354188,-0.0,0.0,-0.0,0.0,0.0,-13322.855218993274,-327.37665924002533,-878.7721425473699,-115.4634899159543,-0.0,-187524.84151934093,84574.22853216682,0.0,0.0,29767.4014528758,-0.0,0.0,-0.0,0.0,0.0,19642.855218993274,-477.05402504002535,-1805.6809703762985,-437.39463217818246,-0.0,-131264.35557644136,46636.285141404034,0.0,0.0,11517.774259561767,-0.0,0.0,-0.0,0.0,0.0,-6320.0,-149.67736580000002,-858.6117811266776,-162.74211207966076,-0.0,-50663.02814195947
t115,156217.3947350717,0.0,0.0,45670.490977648034,-0.0,0.0,-0.0,0.0,0.0,-18152.682029861742,-446.0578683396995,-878.7721425473699,-115.4634899159543,-0.0,-182294.910182055,70693.80350887931,0.0,0.0,32786.040360834544,-0.0,0.0,-0.0,0.0,0.0,24472.682029861746,-595.7352341396995,-1805.6809703762985,-437.39463217818246,-0.0,-125113.71506288144,45027.68381226865,0.0,0.0,11577.426458760769,-0.0,0.0,-0.0,0.0,0.0,-6320.0,-149.67736580000002,-858.6117811266776,-162.74211207966076,-0.0,-49114.079012023074
t116,142296.07280319656,0.0,0.0,46271.8491446492,-0.0,0.0,-0.0,0.0,0.0,-11488.667101173294,-282.30596166360687,-878.7721425473699,-59.977878888108606,-0.0,-175858.1988635734,71433.73491183051,0.0,0.0,32786.040360834544,-0.0,0.0,-0.0,0.0,0.0,17808.667101173294,-431.9833274636069,-1805.6809703762985,-65.57613990306231,-0.0,-119725.20193609537,44254.635107044276,0.0,0.0,10662.56316924875,-0.0,0.0,-0.0,0.0,0.0,-6320.0,-149.67736580000002,-858.6117811266776,-162.74211207966079,-0.0,-47426.16701728668
t117,141390.6182746278,0.0,0.0,46271.8491446492,-0.0,0.0,-0.0,0.0,0.0,-16690.221098559137,-410.1214593576104,-878.7721425473699,-115.4634899159543,-0.0,-169567.8892288969,78374.18319448552,0.0,0.0,16364.333429598677,-0.0,0.0,-0.0,0.0,0.0,23010.221098559137,-559.7988251576104,-1805.6809703762985,-437.39463217818246,-0.0,-114945.86329493126,44852.547187103264,0.0,0.0,8904.266912420266,-0.0,0.0,-0.0,0.0,0.0,-6320.0,-149.67736580000002,-858.6117811266776,-162.74211207966079,-0.0,-46265.78284051719
t118,136609.97293860093,0.0,0.0,46271.8491446492,-0.0,0.0,-0.0,0.0,0.0,-18811.933404414434,-462.25736229597794,-878.7721425473699,-115.4634899159543,-0.0,-162613.3956840764,80695.21494533832,0.0,0.0,1900.8097913524514,-0.0,0.0,-0.0,0.0,0.0,25131.933404414438,-611.9347280959779,-1805.6809703762985,-437.39463217818246,-0.0,-104872.94781045463,42482.944743155786,0.0,0.0,9112.421484765073,-0.0,0.0,-0.0,0.0,0.0,-6320.0,-149.67736580000002,-858.6117811266776,-162.74211207966076,-0.0,-44104.33496891452
t119,135640.2264959009,0.0,0.0,16550.554868312778,-0.0,0.0,-0.0,0.0,0.0,-0.0,-0.0,-878.7721425473699,-115.4634899159543,-0.0,-151196.54573175032,81244.14849609367,0.0,0.0,6473.763452066683,-0.0,0.0,-0.0,0.0,0.0,6320.0,-149.67736580000002,-1805.6809703762985,-437.39463217818246,-0.0,-91645.15897980586,41315.03474053984,0.0,0.0,6723.059171258513,-0.0,0.0,-0.0,0.0,0.0,-6320.0,-149.67736580000002,-858.6117811266776,-162.74211207966079,-0.0,-40547.06265279203
t120,138906.87335364934,0.0,0.0,0.0,-0.0,0.0,-0.0,0.0,0.0,571.7638880071323,-14.04970244388854,-878.7721425473699,-115.4634899159543,-0.0,-138470.3519067493,81028.82690487053,0.0,0.0,0.0,-0.0,0.0,-0.0,0.0,0.0,4649.758737642508,-137.71168853128376,-1805.6809703762985,-437.39463217818246,-0.0,-83297.7983514273,37277.94399404385,0.0,0.0,5965.090282636577,-0.0,0.0,-0.0,0.0,0.0,-5221.522625649641,-123.66198608739522,-858.6117811266776,-162.74211207966079,-0.0,-36876.495771737056
t121,128150.3014783658,0.0,0.0,0.0,-0.0,0.0,-0.0,0.0,0.0,-0.0,-0.0,-878.7721425473699,-115.4634899159543,-0.0,-127156.0658459025,78958.46923367908,0.0,0.0,0.0,-0.0,0.0,-0.0,0.0,0.0,273.86988540203726,-6.486095414386838,-1805.6809703762985,-437.39463217818246,-0.0,-76982.77742111225,35206.87865764755,0.0,0.0,0.0,-0.0,0.0,-0.0,0.0,0.0,-273.86988540203726,-6.486095414386838,-858.6117811266776,-162.74211207966076,-0.0,-33905.16878362479
t122,120287.77365527657,0.0,0.0,0.0,-0.0,0.0,-0.0,0.0,0.0,-1224.8091560484716,-30.096696475550427,-878.7721425473699,-115.4634899159543,-0.0,-118038.6321702892,73665.38511432754,0.0,0.0,0.0,-0.0,0.0,-0.0,0.0,0.0,1428.7464826271635,-34.92657018292273,-1805.6809703762985,-437.39463217818246,-0.0,-72816.12942421729,34070.44474385357,0.0,0.0,0.0,-0.0,0.0,-0.0,0.0,0.0,-203.937326578692,-4.829873707372301,-1945.478267791835,-162.74211207966076,-0.0,-31753.45716369601
t123,115561.04555724627,0.0,0.0,0.0,-0.0,0.0,-0.0,0.0,0.0,-0.0,-0.0,-4440.020616785269,-115.4634899159543,-0.0,-111005.56145054504,77172.52027155494,0.0,0.0,0.0,-0.0,0.0,-0.0,0.0,0.0,-4824.294339835389,-114.25437794784986,-1805.6809703762985,-437.39463217818246,-0.0,-69990.89595121722,32689.85888403184,0.0,0.0,0.0,-4015.591358515243,0.0,-0.0,0.0,0.0,4824.294339835389,-114.25437794784986,-2939.167328174065,-162.74211207966076,-0.0,-30282.398047150706
t124,113529.65896360847,0.0,0.0,0.0,-0.0,0.0,-0.0,0.0,0.0,499.7489246638622,-12.280110436238235,-7716.605736901007,-115.4634899159543,-0.0,-106185.05855101912,79580.95307069902,0.0,0.0,0.0,-0.0,0.0,-0.0,0.0,0.0,-6819.748924663862,-161.95747623623825,-3793.6633020718905,-437.39463217818246,-0.0,-68368.18873554884,33328.6297691546,0.0,0.0,0.0,-5949.020254433492,0.0,-0.0,0.0,0.0,6320.0,-149.67736580000002,-3989.0206644372815,-162.74211207966079,-0.0,-29398.16937240416
t125,110716.25670163098,0.0,0.0,0.0,-0.0,0.0,-0.0,0.0,0.0,6627.678410580764,-162.85902540470045,-13642.334962398581,-115.4634899159543,-0.0,-103423.27763449251,85317.97303992038,0.0,0.0,0.0,-0.0,0.0,-0.0,0.0,0.0,-12947.678410580764,-312.53639120470046,-3793.6633020718905,-437.39463217818246,-0.0,-67826.70030388486,38863.08208982413,0.0,0.0,0.0,-11577.426458760769,0.0,-0.0,0.0,0.0,6320.0,-149.67736580000002,-4439.41176072862,-162.74211207966076,-0.0,-28853.824392455084
t126,123593.51023729243,0.0,0.0,0.0,-0.0,0.0,-0.0,0.0,0.0,3216.6751360708026,-79.04194278160796,-24828.46180089901,-115.4634899159543,-0.0,-101787.21813976666,102746.08739482176,0.0,0.0,0.0,-29323.517043937387,0.0,-0.0,0.0,0.0,-972.4235332250397,-132.19283963388352,-3793.6633020718905,-437.39463217818246,-0.0,-68086.89604377536,49970.412329032406,0.0,0.0,0.0,-11577.426458760769,0.0,-0.0,0.0,0.0,-2244.251602845763,-53.150896852275565,-6949.7902529127305,-162.74211207966079,-0.0,-28983.05100558121
t127,166470.11574105106,0.0,0.0,0.0,-46271.8491446492,0.0,-0.0,0.0,0.0,7731.119454332338,-189.97339665874867,-24828.46180089901,-115.4634899159543,-0.0,-102795.48736326049,113636.50359891435,0.0,0.0,0.0,-32786.040360834544,0.0,-0.0,0.0,0.0,-4339.947330700503,-270.2869584371672,-3793.6633020718905,-437.39463217818246,-0.0,-72009.17101469207,53070.503118596964,0.0,0.0,0.0,-11577.426458760769,0.0,-0.0,0.0,0.0,-3391.1721236318353,-80.31356177841853,-6949.7902529127305,-162.74211207966076,-0.0,-30909.05860943354
t128,189038.50629959203,0.0,0.0,0.0,-46271.8491446492,0.0,-0.0,0.0,0.0,-8863.22797825142,-217.79220128926173,-24828.46180089901,-115.4634899159543,-0.0,-108741.71168458718,106812.76673814793,0.0,0.0,0.0,-32786.040360834544,0.0,-0.0,0.0,0.0,8863.22797825142,-217.79220128926173,-3793.6633020718905,-437.39463217818246,-0.0,-78441.10422002547,52785.42707191298,0.0,0.0,0.0,-11577.426458760769,0.0,-0.0,0.0,0.0,0.0,-0.0,-6949.7902529127305,-162.74211207966079,-0.0,-34095.46824815983
t129,195456.80012063336,0.0,0.0,0.0,-46271.8491446492,0.0,-0.0,0.0,0.0,-3667.2880274279446,-90.11465509125482,-24828.46180089901,-115.4634899159543,-0.0,-120483.62300264998,118703.6073308867,0.0,0.0,0.0,-32786.040360834544,0.0,-0.0,0.0,0.0,4297.182283721599,-105.0325210745751,-3793.6633020718905,-437.39463217818246,-0.0,-85878.65879844913,56824.650573221996,0.0,0.0,0.0,-11577.426458760769,0.0,-0.0,0.0,0.0,-629.8942562936539,-14.917865983320283,-6949.79025291273,-162.74211207966076,-0.0,-37489.87962719186
t130,215722.147839054,0.0,0.0,0.0,-46271.8491446492,0.0,-0.0,0.0,0.0,-10066.567003624188,-247.36132169057558,-24828.46180089901,-115.4634899159543,-0.0,-134192.44507827502,122581.22825600907,0.0,0.0,0.0,-32786.040360834544,0.0,-0.0,0.0,0.0,7580.13367906952,-306.24783913625265,-3793.6633020718905,-437.39463217818246,-0.0,-92838.01580085786,56597.93247397631,0.0,0.0,0.0,-11577.426458760769,0.0,-0.0,0.0,0.0,2486.4333245546673,-58.886517445677065,-6949.7902529127305,-162.74211207966076,-0.0,-40335.520457332146
t131,214268.0979890554,0.0,0.0,0.0,-45779.82233097901,0.0,-0.0,0.0,0.0,4550.622929154669,-111.82045496402884,-24828.46180089901,-115.4634899159543,-0.0,-147983.15284145204,117726.54523232288,0.0,0.0,0.0,-3830.931818206478,0.0,-0.0,0.0,0.0,-10870.622929154668,-261.49782076402886,-3793.6633020718905,-437.39463217818246,-0.0,-98532.43472994762,52738.28807643308,0.0,0.0,0.0,-11577.426458760769,0.0,-0.0,0.0,0.0,6320.0,-149.67736580000002,-4808.666448080756,-162.74211207966079,-0.0,-42359.775691711875
t132,203087.8614270796,0.0,0.0,0.0,-15233.692365545383,0.0,-0.0,0.0,0.0,-2451.6538792844617,-60.24341204795019,-24828.46180089901,-115.4634899159543,-0.0,-160398.34647938688,111372.3299796381,0.0,0.0,0.0,-0.0,0.0,-0.0,0.0,0.0,-3868.3461207155387,-209.9207778479502,-3793.6633020718905,-437.39463217818246,-0.0,-103063.00514682454,46701.712234799816,0.0,0.0,0.0,-2025.1450987005574,0.0,-0.0,0.0,0.0,6320.0,-149.67736580000002,-6949.7902529127305,-162.74211207966076,-0.0,-43734.35740530686
t133,180868.78558956657,0.0,0.0,0.0,-0.0,0.0,-0.0,0.0,0.0,-9573.484554024779,-235.2450236128471,-878.7721425473699,-115.4634899159543,-0.0,-170065.82037946564,103677.09495355216,0.0,0.0,0.0,-0.0,0.0,-0.0,0.0,0.0,5668.029657779526,-327.7384098661227,-1805.6809703762985,-437.39463217818246,-0.0,-106774.31059891112,41818.127325382404,0.0,0.0,0.0,-0.0,0.0,-0.0,0.0,0.0,3905.4548962452523,-92.49338625327559,-858.6117811266776,-162.74211207966079,-0.0,-44609.73494216805
t134,177903.7143836993,0.0,0.0,0.0,-0.0,0.0,-0.0,0.0,0.0,-0.0,-0.0,-878.7721425473699,-115.4634899159543,-0.0,-176909.478751236,109977.16034749542,0.0,0.0,8259.616357338138,-0.0,0.0,-0.0,0.0,0.0,-5869.256274169908,-139.00234467134086,-1805.6809703762985,-437.39463217818246,-0.0,-109985.44248343798,40569.09581621981,0.0,0.0,0.0,-0.0,0.0,-0.0,0.0,0.0,5869.256274169908,-139.00234467134086,-858.6117811266776,-162.74211207966076,-0.0,-45277.99585251204
t135,182734.1428211103,0.0,0.0,0.0,-0.0,0.0,-0.0,0.0,0.0,-0.0,-0.0,-878.7721425473699,-115.4634899159543,-0.0,-181739.907188647,114151.87333930368,0.0,0.0,6914.45496135695,-0.0,0.0,-0.0,0.0,0.0,-6320.0,-149.67736580000002,-1805.6809703762985,-437.39463217818246,-0.0,-112353.57533230612,40569.813778208845,0.0,0.0,0.0,-0.0,0.0,-0.0,0.0,0.0,6320.0,-149.67736580000002,-858.6117811266776,-162.74211207966076,-0.0,-45718.782519202505
t136,182428.59138790716,0.0,0.0,3451.1198146199663,-0.0,0.0,-0.0,0.0,0.0,-0.0,-0.0,-878.7721425473699,-115.4634899159543,-0.0,-184885.4755700638,108533.47046636924,0.0,0.0,14196.000874402185,-0.0,0.0,-0.0,0.0,0.0,-6320.0,-149.67736580000002,-1805.6809703762985,-437.39463217818246,-0.0,-114016.71837241693,40743.29608076171,0.0,0.0,0.0,-0.0,0.0,-0.0,0.0,0.0,6320.0,-149.67736580000002,-858.6117811266776,-162.74211207966076,-0.0,-45892.26482175538
t137,172919.16955144718,0.0,0.0,14025.88271741302,-0.0,0.0,-0.0,0.0,0.0,-0.0,-0.0,-878.7721425473699,-115.4634899159543,-0.0,-185950.81663639692,99999.50853591434,0.0,0.0,23400.670066804498,-0.0,0.0,-0.0,0.0,0.0,-6320.0,-149.67736580000002,-1805.6809703762985,-437.39463217818246,-0.0,-114687.42563436436,40551.2263886496,0.0,0.0,0.0,-0.0,0.0,-0.0,0.0,0.0,6320.0,-149.67736580000002,-858.6117811266776,-162.74211207966076,-0.0,-45700.19512964327
t138,178569.553978445,0.0,0.0,7120.744876108214,-0.0,0.0,-0.0,0.0,0.0,-0.0,-0.0,-878.7721425473699,-115.4634899159543,-0.0,-184696.06322208996,90722.5153787174,0.0,0.0,31683.4693665145,-0.0,0.0,-0.0,0.0,0.0,-6320.0,-149.67736580000002,-1805.6809703762985,-437.39463217818246,-0.0,-113693.23177687741,39972.361970947655,0.0,0.0,0.0,-0.0,0.0,-0.0,0.0,0.0,6320.0,-149.67736580000002,-858.6117811266776,-162.74211207966076,-0.0,-45121.33071194133
t139,139484.68651507536,0.0,0.0,42533.163321994165,-0.0,0.0,-0.0,0.0,0.0,-0.0,-0.0,-878.7721425473699,-115.4634899159543,-0.0,-181023.61420460625,92215.68301300779,0.0,0.0,27687.67581510174,-0.0,0.0,-0.0,0.0,0.0,-6320.0,-149.67736580000002,-1805.6809703762985,-437.39463217818246,-0.0,-111190.60585975506,38940.319293515764,0.0,0.0,0.0,-0.0,0.0,-0.0,0.0,0.0,6320.0,-149.67736580000002,-858.6117811266776,-162.74211207966076,-0.0,-44089.28803450942
t140,137119.92094648618,0.0,0.0,38905.38539245959,-0.0,0.0,-0.0,0.0,0.0,-0.0,-0.0,-878.7721425473699,-115.4634899159543,-0.0,-175031.07070648248,100569.48581605052,0.0,0.0,15987.369019616192,-0.0,0.0,-0.0,0.0,0.0,-6320.0,-149.67736580000002,-1805.6809703762985,-437.39463217818246,-0.0,-107844.10186731222,37755.15193066729,0.0,0.0,0.0,-0.0,0.0,-0.0,0.0,0.0,6320.0,-149.67736580000002,-858.6117811266776,-162.74211207966076,-0.0,-42904.12067166095
t141,144105.6461127549,0.0,0.0,26028.026363232173,-0.0,0.0,-0.0,0.0,0.0,-0.0,-0.0,-878.7721425473699,-115.4634899159543,-0.0,-169139.4368435238,106982.11431776712,0.0,0.0,7141.558734058796,-0.0,0.0,-0.0,0.0,0.0,-6320.0,-149.67736580000002,-1805.6809703762985,-437.39463217818246,-0.0,-105410.92008347146,37178.05774054243,0.0,0.0,0.0,-0.0,0.0,-0.0,0.0,0.0,6320.0,-149.67736580000002,-858.6117811266776,-162.74211207966076,-0.0,-42327.02648153608
t142,131589.53495707185,0.0,0.0,31939.51918454417,-0.0,0.0,-0.0,0.0,0.0,-0.0,-0.0,-878.7721425473699,-115.4634899159543,-0.0,-162534.81850915274,104674.7730142277,0.0,0.0,3791.528567367017,-0.0,0.0,-0.0,0.0,0.0,-5944.871672860593,-140.7931537994957,-1805.6809703762985,-437.39463217818246,-0.0,-100137.56115238015,36184.76707649144,0.0,0.0,0.0,-0.0,0.0,-0.0,0.0,0.0,5944.871672860593,-140.7931537994957,-858.6117811266776,-162.74211207966076,-0.0,-40967.4917023462
t143,132565.65460867272,0.0,0.0,20145.072873899047,-0.0,0.0,-0.0,0.0,0.0,30.0042594149218,-0.7372814647287309,-878.7721425473699,-115.4634899159543,-0.0,-151745.7588280587,101558.65527888537,0.0,0.0,0.0,-0.0,0.0,-0.0,0.0,0.0,-6350.004259414922,-150.41464726472876,-1805.6809703762985,-437.39463217818246,-0.0,-92815.16076965125,33095.027834030094,0.0,0.0,0.0,-0.0,0.0,-0.0,0.0,0.0,6320.0,-149.67736580000002,-858.6117811266776,-162.74211207966076,-0.0,-38243.99657502375
t144,120212.43223116743,0.0,0.0,19864.05737265698,-0.0,0.0,-0.0,0.0,0.0,533.5469980685219,-13.110615622858639,-878.7721425473699,-115.4634899159543,-0.0,-139602.69035380677,94738.10633437955,0.0,0.0,0.0,-0.0,0.0,-0.0,0.0,0.0,-6853.546998068522,-162.78798142285865,-1805.6809703762985,-437.39463217818246,-0.0,-85478.69575233369,29913.248177218684,0.0,0.0,158.23095517558366,-0.0,0.0,-0.0,0.0,0.0,6320.0,-149.67736580000002,-858.6117811266776,-162.74211207966076,-0.0,-35220.447873387915
t145,118508.42677442163,0.0,0.0,4286.839386335243,-0.0,0.0,-0.0,0.0,0.0,7368.179211326546,-181.0550257610742,-878.7721425473699,-115.4634899159543,-0.0,-128988.15471385891,92215.56913537064,0.0,0.0,0.0,-0.0,0.0,-0.0,0.0,0.0,-9746.889190551847,-237.3903174845894,-1805.6809703762985,-437.39463217818246,-0.0,-79988.21402477972,31402.163464498706,0.0,0.0,0.0,-0.0,0.0,-0.0,0.0,0.0,2378.709979225302,-56.33529172351518,-858.6117811266776,-162.74211207966076,-0.0,-32703.184258794154
t146,107299.80683273268,0.0,0.0,0.0,-0.0,0.0,-0.0,0.0,0.0,14190.945633641133,-348.7078630393848,-878.7721425473699,-115.4634899159543,-0.0,-120147.80897087106,94915.68802496075,0.0,0.0,0.0,-0.0,0.0,-0.0,0.0,0.0,-16350.971834128326,-399.8640389488636,-1805.6809703762985,-437.39463217818246,-0.0,-75921.77654932908,29821.542478062158,0.0,0.0,0.0,-0.0,0.0,-0.0,0.0,0.0,2160.026200487194,-51.156175909478776,-858.6117811266776,-162.74211207966079,-0.0,-30909.05860943354
t147,102204.52597921608,0.0,0.0,0.0,-0.0,0.0,-0.0,0.0,0.0,12886.103493946475,-316.64455127120937,-878.7721425473699,-115.4634899159543,-0.0,-113779.74928942801,92739.42405139034,0.0,0.0,0.0,-0.0,0.0,-0.0,0.0,0.0,-17379.34692917148,-423.05860843618115,-1805.6809703762985,-437.39463217818246,-0.0,-72693.94291122818,26234.499831336463,0.0,0.0,0.0,-0.0,0.0,-0.0,0.0,0.0,4493.243435225003,-106.41405716497175,-858.6117811266776,-162.74211207966079,-0.0,-29599.975316190157
t148,101073.06204372841,0.0,0.0,0.0,-0.0,0.0,-0.0,0.0,0.0,9138.050396573462,-224.5452916528252,-878.7721425473699,-115.4634899159543,-0.0,-108992.33151618572,88894.29996920623,0.0,0.0,0.0,-0.0,0.0,-0.0,0.0,0.0,-15458.050396573462,-374.2226574528252,-1805.6809703762985,-437.39463217818246,-0.0,-70818.95131262546,23602.182451991353,0.0,0.0,0.0,-0.0,0.0,-0.0,0.0,0.0,6320.0,-149.67736580000002,-858.6117811266776,-162.74211207966079,-0.0,-28751.151192985017
t149,98168.21950617796,0.0,0.0,0.0,-0.0,0.0,-0.0,0.0,0.0,9025.238730083993,-221.77322020931274,-878.7721425473699,-115.4634899159543,-0.0,-105977.4493835893,87703.65072490142,0.0,0.0,0.0,-0.0,0.0,-0.0,0.0,0.0,-15345.238730083993,-371.45058600931276,-1805.6809703762985,-437.39463217818246,-0.0,-69743.88580625362,23019.77757913527,0.0,0.0,0.0,-0.0,0.0,-0.0,0.0,0.0,6320.0,-149.67736580000002,-858.6117811266776,-162.74211207966076,-0.0,-28168.746320128932
t150,110736.53776039345,0.0,0.0,0.0,-0.0,0.0,-0.0,0.0,0.0,-0.0,-0.0,-6697.384100944954,-115.4634899159543,-0.0,-103923.69016953252,95876.31960072611,0.0,0.0,0.0,-17266.90747446011,0.0,-0.0,0.0,0.0,-6320.0,-149.67736580000002,-2543.89473678781,-437.39463217818246,-0.0,-69158.44539150002,23080.15214288466,0.0,0.0,0.0,-186.94583550990507,0.0,-0.0,0.0,0.0,6320.0,-149.67736580000002,-858.6117811266776,-162.74211207966079,-0.0,-28042.175048368415
t151,170112.06345067578,0.0,0.0,0.0,-41881.55131714449,0.0,-0.0,0.0,0.0,-8603.02924290524,-211.3984522530436,-15000.58746744829,-115.4634899159543,-0.0,-104300.0334810089,105497.49403459892,0.0,0.0,0.0,-31797.006760057833,0.0,-0.0,0.0,0.0,2283.0292429052397,-361.07581805304363,-2041.913888811085,-437.39463217818246,-0.0,-73143.13217840399,24350.988717092026,0.0,0.0,0.0,-0.0,0.0,-0.0,0.0,0.0,6320.0,-149.67736580000002,-858.6117811266776,-162.74211207966079,-0.0,-29499.957458085693
t152,194167.82937488446,0.0,0.0,0.0,-46271.8491446492,0.0,-0.0,0.0,0.0,-12577.060501532998,-309.0505737975497,-24828.46180089901,-115.4634899159543,-0.0,-110065.94386408974,112108.87445092767,0.0,0.0,0.0,-32786.040360834544,0.0,-0.0,0.0,0.0,6257.0605015329975,-458.7279395975497,-3793.6633020718905,-437.39463217818246,-0.0,-80890.1087177785,27196.62954723231,0.0,0.0,0.0,-0.0,0.0,-0.0,0.0,0.0,6320.0,-149.67736580000002,-858.6117811266776,-162.74211207966076,-0.0,-32345.598288225978
t153,203909.38774024608,0.0,0.0,0.0,-46271.8491446492,0.0,-0.0,0.0,0.0,-10217.807835352822,-251.07769610267732,-24828.46180089901,-115.4634899159543,-0.0,-122224.72777332639,123576.77983258179,0.0,0.0,0.0,-32786.040360834544,0.0,-0.0,0.0,0.0,3897.8078353528217,-400.75506190267737,-3793.6633020718905,-437.39463217818246,-0.0,-90056.73431094739,30519.346709393012,0.0,0.0,0.0,-0.0,0.0,-0.0,0.0,0.0,6320.0,-149.67736580000002,-858.6117811266776,-162.74211207966076,-0.0,-35668.31545038667
t154,209237.58218330922,0.0,0.0,0.0,-46271.8491446492,0.0,-0.0,0.0,0.0,-976.5871265565422,-23.997245762538228,-24828.46180089901,-115.4634899159543,-0.0,-137021.223375526,128414.28573286928,0.0,0.0,0.0,-21357.10295909588,0.0,-0.0,0.0,0.0,-5343.412873443458,-173.67461156253825,-2543.89473678781,-437.39463217818246,-0.0,-98558.80591980138,33649.99417944158,0.0,0.0,0.0,-0.0,0.0,-0.0,0.0,0.0,6320.0,-149.67736580000002,-858.6117811266776,-162.74211207966076,-0.0,-38798.962920435246
t155,209745.76709405115,0.0,0.0,0.0,-34555.66632398333,0.0,-0.0,0.0,0.0,-0.0,-0.0,-24828.46180089901,-115.4634899159543,-0.0,-150246.17547925282,133260.8951173317,0.0,0.0,0.0,-17873.3425813425,0.0,-0.0,0.0,0.0,-6320.0,-149.67736580000002,-2543.89473678781,-437.39463217818246,-0.0,-105936.58580122318,36018.13653323862,146.46591943113194,0.0,0.0,-0.0,0.0,-0.0,0.0,0.0,6320.0,-149.67736580000002,-858.6117811266776,-162.74211207966076,-0.0,-41313.57119366341
t156,204078.6293642794,0.0,0.0,0.0,-30848.14620004579,0.0,-0.0,0.0,0.0,-0.0,-0.0,-11130.241389630377,-115.4634899159543,-0.0,-161984.7782846873,130631.76500299014,0.0,0.0,0.0,-10432.169808856637,0.0,-0.0,0.0,0.0,-6320.0,-149.67736580000002,-1805.6809703762985,-437.39463217818246,-0.0,-111486.84222577902,37583.80293552575,488.21973143710636,0.0,0.0,-0.0,0.0,-0.0,0.0,0.0,6320.0,-149.67736580000002,-858.6117811266776,-162.74211207966079,-0.0,-43220.99140795651
t157,189588.9992080009,0.0,0.0,0.0,-0.0,0.0,-0.0,0.0,0.0,-10165.075144578139,-249.781918894655,-8220.320576423595,-115.4634899159543,-0.0,-170838.35807818855,113259.85122361657,0.0,0.0,0.0,-0.0,0.0,-0.0,0.0,0.0,3845.0751445781393,-399.459284694655,-1805.6809703762985,-437.39463217818246,-0.0,-114462.39148094556,35628.59138182563,488.21973143710636,0.0,3240.396774653051,-0.0,0.0,-0.0,0.0,0.0,6320.0,-149.67736580000002,-858.6117811266776,-162.74211207966079,-0.0,-44506.176628909445
t158,182625.58080947498,0.0,0.0,0.0,-0.0,0.0,-0.0,0.0,0.0,-4450.391787757663,-109.35751922818244,-878.7721425473699,-115.4634899159543,-0.0,-177071.5958700258,119803.53273625423,0.0,0.0,378.1452460437223,-0.0,0.0,-0.0,0.0,0.0,-1869.608212242337,-259.03488502818243,-1805.6809703762985,-437.39463217818246,-0.0,-115809.95928247298,31423.527676841833,488.21973143710636,0.0,8160.6324207732005,-0.0,0.0,-0.0,0.0,0.0,6320.0,-149.67736580000002,-858.6117811266776,-162.74211207966079,-0.0,-45221.34857004579
t159,176664.58453153618,0.0,0.0,5459.964837798061,-0.0,0.0,-0.0,0.0,0.0,-0.0,-0.0,-878.7721425473699,-115.4634899159543,-0.0,-181130.31373687097,120041.76044217836,0.0,0.0,6810.336124758548,-0.0,0.0,-0.0,0.0,0.0,-6320.0,-149.67736580000002,-1805.6809703762985,-436.4448048765615,-0.0,-118140.29342588405,28344.08060566614,488.21973143710636,0.0,11577.426458760769,-0.0,0.0,-0.0,0.0,0.0,6320.0,-149.67736580000002,-820.0193285073204,-155.42726107520923,-0.0,-45604.60284048148
t160,178158.31665051586,0.0,0.0,0.0,-0.0,0.0,-0.0,0.0,0.0,5444.939197372053,-133.7960951237766,-878.7721425473699,-115.4634899159543,-0.0,-182475.22412030082,124626.88334394062,0.0,0.0,10114.135534321795,-0.0,0.0,-0.0,0.0,0.0,-11764.939197372052,-283.4734609237766,-1805.6809703762985,-437.39463217818246,-0.0,-120449.53061741212,28774.555129765984,488.21973143710636,0.0,11039.734552868164,-0.0,0.0,-0.0,0.0,0.0,6320.0,-149.67736580000002,-858.6117811266776,-162.74211207966079,-0.0,-45451.47815506491
t161,178682.31938645605,0.0,0.0,0.0,-0.0,0.0,-0.0,0.0,0.0,3735.8486175131943,-91.79936430476002,-878.7721425473699,-115.4634899159543,-0.0,-181332.13300720116,116041.20760717432,0.0,0.0,17081.45894934081,-0.0,0.0,-0.0,0.0,0.0,-10055.848617513195,-241.47673010476004,-1805.6809703762985,-437.39463217818246,-0.0,-120582.26560634274,29318.612046419712,488.21973143710636,0.0,10099.14665895072,-0.0,0.0,-0.0,0.0,0.0,6320.0,-149.67736580000002,-858.6117811266776,-162.74211207966079,-0.0,-45054.947177801194
t162,173070.60540607746,0.0,0.0,0.0,-0.0,0.0,-0.0,0.0,0.0,5914.75881737421,-145.34076592545682,-878.7721425473699,-115.4634899159543,-0.0,-177845.7878250629,106308.3345814049,0.0,0.0,27076.855694515703,-0.0,0.0,-0.0,0.0,0.0,-12234.75881737421,-295.0181317254569,-1805.6809703762985,-437.39463217818246,-0.0,-118612.33772426646,29218.993138844442,488.21973143710636,0.0,9588.922166225317,-0.0,0.0,-0.0,0.0,0.0,6320.0,-149.67736580000002,-858.6117811266776,-162.74211207966079,-0.0,-44445.103777500524
t163,129963.15623395915,0.0,0.0,43339.2442118433,-0.0,0.0,-0.0,0.0,0.0,-0.0,-0.0,-878.7721425473699,-115.4634899159543,-0.0,-172308.16481333916,106454.58339269427,0.0,0.0,17277.872202181992,-0.0,0.0,-0.0,0.0,0.0,-6320.0,-149.67736580000002,-1805.6809703762985,-437.39463217818246,-0.0,-115019.7026265218,30051.15825490863,488.21973143710636,0.0,8111.509098319061,-0.0,0.0,-0.0,0.0,0.0,6320.0,-149.67736580000002,-858.6117811266776,-162.74211207966079,-0.0,-43799.85582565845
t164,114401.60425502021,0.0,0.0,46271.8491446492,-0.0,0.0,-0.0,0.0,0.0,6842.591431747594,-168.13998851210366,-878.7721425473699,-115.4634899159543,-0.0,-166353.66921044156,107043.86701542066,0.0,0.0,20037.240768689084,-0.0,0.0,-0.0,0.0,0.0,-13162.591431747593,-317.81735431210365,-1805.6809703762985,-437.39463217818246,-0.0,-111357.62339549557,31713.03470581263,488.21973143710636,0.0,5470.696797295249,-0.0,0.0,-0.0,0.0,0.0,6320.0,-149.67736580000002,-858.6117811266776,-162.74211207966079,-0.0,-42820.91997553865
t165,117727.63992574233,0.0,0.0,28904.509652943005,-0.0,0.0,-0.0,0.0,0.0,14915.192179696716,-366.50445474712836,-878.7721425473699,-115.4634899159543,-0.0,-160186.6016711716,110024.92933084712,0.0,0.0,22588.935120964117,-0.0,0.0,-0.0,0.0,0.0,-21235.192179696718,-516.1818205471284,-1805.6809703762985,-437.39463217818246,-0.0,-108619.41484901292,32217.940026590015,488.21973143710636,0.0,4452.4254791675285,-0.0,0.0,-0.0,0.0,0.0,6320.0,-149.67736580000002,-858.6117811266776,-162.74211207966079,-0.0,-42307.553978188305
t166,115628.48814104743,0.0,0.0,38518.45131468626,-0.0,0.0,-0.0,0.0,0.0,-0.0,-0.0,-878.7721425473699,-115.4634899159543,-0.0,-153152.70382327036,111040.88095792073,0.0,0.0,0.0,-0.0,0.0,-0.0,0.0,0.0,-6320.0,-149.67736580000002,-1805.6809703762985,-437.39463217818246,-0.0,-102328.12798956626,30665.58053471039,488.21973143710636,0.0,4330.149683138781,-0.0,0.0,-0.0,0.0,0.0,6320.0,-149.67736580000002,-858.6117811266776,-162.74211207966079,-0.0,-40632.918690279934
t167,110290.90699911331,0.0,0.0,13412.047191985892,-0.0,0.0,-0.0,0.0,0.0,20156.0,-495.28451935999993,-878.7721425473699,-115.4634899159543,-0.0,-142369.43403927592,105626.34377527515,0.0,0.0,17697.364121744213,-0.0,0.0,-0.0,0.0,0.0,-26476.0,-644.96188516,-1805.6809703762985,-437.39463217818246,-0.0,-93959.67040930469,29052.438268181046,488.21973143710636,0.0,2671.026273453925,-0.0,0.0,-0.0,0.0,0.0,6320.0,-149.67736580000002,-858.6117811266776,-162.74211207966079,-0.0,-37360.65301406574
t168,101770.6298226731,0.0,0.0,9813.242610729885,-0.0,0.0,-0.0,0.0,0.0,20156.0,-495.28451935999993,-878.7721425473699,-115.4634899159543,-0.0,-130250.35228157966,115900.21795318414,0.0,0.0,0.0,-0.0,0.0,-0.0,0.0,0.0,-26476.0,-644.96188516,-1805.6809703762985,-437.39463217818246,-0.0,-86536.18046546969,28420.219882822057,488.21973143710636,0.0,0.0,-0.0,0.0,-0.0,0.0,0.0,6320.0,-149.67736580000002,-858.6117811266776,-162.74211207966079,-0.0,-34057.408355252825
