region,Resource,zone,Cluster,R_ID,SubsidyRevenue
BE0 0,BE0 0 CCGT,1,1,1,0.0
BE0 0,BE0 0 OCGT,1,1,2,0.0
BE0 0,BE0 0 biomass,1,1,3,0.0
BE0 0,BE0 0 coal,1,1,4,0.0
BE0 0,BE0 0 nuclear,1,1,5,0.0
BE0 0,BE0 0 offwind-ac,1,1,6,0.0
BE0 0,BE0 0 offwind-dc,1,1,7,0.0
BE0 0,BE0 0 onwind,1,1,8,0.0
BE0 0,BE0 0 ror,1,1,9,0.0
BE0 0,BE0 0 solar,1,1,10,0.0
DE0 0,DE0 0 CCGT,2,1,11,0.0
DE0 0,DE0 0 OCGT,2,1,12,0.0
DE0 0,DE0 0 biomass,2,1,13,0.0
DE0 0,DE0 0 coal,2,1,14,0.0
DE0 0,DE0 0 lignite,2,1,15,0.0
DE0 0,DE0 0 nuclear,2,1,16,0.0
DE0 0,DE0 0 offwind-ac,2,1,17,0.0
DE0 0,DE0 0 offwind-dc,2,1,18,0.0
DE0 0,DE0 0 oil,2,1,19,0.0
DE0 0,DE0 0 onwind,2,1,20,0.0
DE0 0,DE0 0 ror,2,1,21,0.0
DE0 0,DE0 0 solar,2,1,22,0.0
DK0 0,DK0 0 OCGT,3,1,23,0.0
DK0 0,DK0 0 biomass,3,1,24,0.0
DK0 0,DK0 0 coal,3,1,25,0.0
DK0 0,DK0 0 offwind-ac,3,1,26,0.0
DK0 0,DK0 0 offwind-dc,3,1,27,0.0
DK0 0,DK0 0 onwind,3,1,28,0.0
DK0 0,DK0 0 solar,3,1,29,0.0
BE0 0,DK0 0 nuclear,3,1,30,0.0
DK3 0,DK3 0 CCGT,4,1,31,0.0
DK3 0,DK3 0 OCGT,4,1,32,0.0
DK3 0,DK3 0 biomass,4,1,33,0.0
DK3 0,DK3 0 coal,4,1,34,0.0
DK3 0,DK3 0 offwind-ac,4,1,35,0.0
DK3 0,DK3 0 offwind-dc,4,1,36,0.0
DK3 0,DK3 0 oil,4,1,37,0.0
DK3 0,DK3 0 onwind,4,1,38,0.0
BE0 0,DK3 0 nuclear,4,1,39,0.0
FR0 0,FR0 0 CCGT,5,1,40,0.0
FR0 0,FR0 0 OCGT,5,1,41,0.0
FR0 0,FR0 0 coal,5,1,42,0.0
FR0 0,FR0 0 nuclear,5,1,43,0.0
FR0 0,FR0 0 offwind-ac,5,1,44,0.0
FR0 0,FR0 0 offwind-dc,5,1,45,0.0
FR0 0,FR0 0 oil,5,1,46,0.0
FR0 0,FR0 0 onwind,5,1,47,0.0
FR0 0,FR0 0 ror,5,1,48,0.0
FR0 0,FR0 0 solar,5,1,49,0.0
GB4 0,GB4 0 CCGT,6,1,50,0.0
GB4 0,GB4 0 coal,6,1,51,0.0
GB4 0,GB4 0 offwind-ac,6,1,52,0.0
GB4 0,GB4 0 offwind-dc,6,1,53,0.0
GB4 0,GB4 0 oil,6,1,54,0.0
GB4 0,GB4 0 onwind,6,1,55,0.0
GB4 0,GB4 0 solar,6,1,56,0.0
GB5 0,GB5 0 CCGT,7,1,57,0.0
GB5 0,GB5 0 OCGT,7,1,58,0.0
GB5 0,GB5 0 biomass,7,1,59,0.0
GB5 0,GB5 0 coal,7,1,60,0.0
GB5 0,GB5 0 nuclear,7,1,61,0.0
GB5 0,GB5 0 offwind-ac,7,1,62,0.0
GB5 0,GB5 0 offwind-dc,7,1,63,0.0
GB5 0,GB5 0 oil,7,1,64,0.0
GB5 0,GB5 0 onwind,7,1,65,0.0
GB5 0,GB5 0 ror,7,1,66,0.0
GB5 0,GB5 0 solar,7,1,67,0.0
NL0 0,NL0 0 CCGT,8,1,68,0.0
NL0 0,NL0 0 OCGT,8,1,69,0.0
NL0 0,NL0 0 coal,8,1,70,0.0
NL0 0,NL0 0 nuclear,8,1,71,0.0
NL0 0,NL0 0 offwind-ac,8,1,72,0.0
NL0 0,NL0 0 offwind-dc,8,1,73,0.0
NL0 0,NL0 0 onwind,8,1,74,0.0
NL0 0,NL0 0 solar,8,1,75,0.0
NO3 0,NO3 0 CCGT,9,1,76,0.0
NO3 0,NO3 0 OCGT,9,1,77,0.0
NO3 0,NO3 0 offwind-ac,9,1,78,0.0
NO3 0,NO3 0 offwind-dc,9,1,79,0.0
NO3 0,NO3 0 onwind,9,1,80,0.0
NO3 0,NO3 0 solar,9,1,81,0.0
SE3 2,NO3 0 coal,9,1,82,0.0
NL0 0,NO3 0 nuclear,9,1,83,0.0
SE3 0,SE3 0 CCGT,10,1,84,0.0
SE3 1,SE3 0 biomass,10,1,85,0.0
SE3 2,SE3 0 coal,10,1,86,0.0
SE3 3,SE3 0 nuclear,10,1,87,0.0
SE3 4,SE3 0 offwind-ac,10,1,88,0.0
SE3 5,SE3 0 offwind-dc,10,1,89,0.0
SE3 6,SE3 0 oil,10,1,90,0.0
SE3 7,SE3 0 onwind,10,1,91,0.0
SE3 8,SE3 0 ror,10,1,92,0.0
SE3 9,SE3 0 solar,10,1,93,0.0
DE0 0,DE0 0 hydro,2,1,94,0.0
FR0 0,FR0 0 hydro,5,1,95,0.0
GB5 0,GB5 0 hydro,7,1,96,0.0
NO3 0,NO3 0 hydro,9,1,97,0.0
SE3 0,SE3 0 hydro,10,1,98,0.0
DE0 0,DE0 0 PHS,2,1,99,0.0
FR0 0,FR0 0 PHS,5,1,100,0.0
GB5 0,GB5 0 PHS,7,1,101,0.0
NO3 0,NO3 0 PHS,9,1,102,0.0
SE3 0,SE3 0 PHS,10,1,103,0.0
BE0 0,BE0 0 Battery,1,1,104,0.0
DE0 0,DE0 0 Battery,2,1,105,0.0
DK0 0,DK0 0 Battery,3,1,106,0.0
DK3 0,DK3 0 Battery,4,1,107,0.0
FR0 0,FR0 0 Battery,5,1,108,0.0
GB4 0,GB4 0 Battery,6,1,109,0.0
GB5 0,GB5 0 Battery,7,1,110,0.0
NL0 0,NL0 0 Battery,8,1,111,0.0
NO0 0,NO0 0 Battery,9,1,112,0.0
SE3 0,SE3 0 Battery,10,1,113,0.0
