Resource,Zone,THERM,MUST_RUN,STOR,FLEX,HYDRO,VRE,LDS,Num_VRE_Bins,New_Build,Existing_Cap_MW,Existing_Cap_MWh,Existing_Charge_Cap_MW,Max_Cap_MW,Max_Cap_MWh,Max_Charge_Cap_MW,Min_Cap_MW,Min_Cap_MWh,Min_Charge_Cap_MW,Inv_Cost_per_MWyr,Inv_Cost_per_MWhyr,Inv_Cost_Charge_per_MWyr,Fixed_OM_Cost_per_MWyr,Fixed_OM_Cost_per_MWhyr,Fixed_OM_Cost_Charge_per_MWyr,Var_OM_Cost_per_MWh,Var_OM_Cost_per_MWh_In,VRE_Trans_Cost_per_MWyr,Heat_Rate_MMBTU_per_MWh,Fuel,NG_MMBtu_per_MWh,Cap_Size,Start_Cost_per_MW,Start_Fuel_MMBTU_per_MW,Start_NG_MMBTU_per_MW,Up_Time,Down_Time,Ramp_Up_Percentage,Ramp_Dn_Percentage,Hydro_Energy_to_Power_Ratio,Min_Power,Self_Disch,Eff_Up,Eff_Down,Min_Duration,Max_Duration,Max_Flexible_Demand_Advance,Max_Flexible_Demand_Delay,Flexible_Demand_Energy_Eff,Reg_Max,Rsv_Max,Reg_Cost,Rsv_Cost,MinCapTag,MinCapTag_1,MinCapTag_2,MinCapTag_3,MGA,Resource_Type,CapRes_1,CapRes_2,CapRes_3,CapRes_4,CapRes_5,CapRes_6,CapRes_7,CapRes_8,CapRes_9,ESR_1,ESR_2,region,cluster,LDS.1,CCS_Rate
CA_conventional_hydroelectric_1,1,0,0,0,0,1,0,0,0,-1,8768.208,0,0,0,-1,-1,0,0,0,0,0,0,45648,0,0,0,0,0,0,None,0,50.392,0,0,0,0,0,0.083,0.083,0,0.068,0,1,1,0,0,0,0,0,0,0,0,0,0,0,0,0,0,conventional_hydroelectric,0.8,0,0,0,0,0,0,0,0,0,1,CA,1,0,0
CA_hydroelectric_pumped_storage_1,1,0,0,1,0,0,0,0,0,-1,3941.888,0,0,0,-1,-1,0,0,0,0,0,0,39399,0,0,0,0,0,0,None,0,123.184,0,0,0,0,0,1,1,1,0.136,0,0.866,0.866,0,200,0,0,0,0,0,0,0,0,0,0,0,0,hydroelectric_pumped_storage,0.95,0,0,0,0,0,0,0,0,0,0,CA,1,0,0
CA_natural_gas_fired_combined_cycle_1,1,1,0,0,0,0,0,0,0,0,2350.794,0,0,0,-1,-1,0,0,0,0,0,0,16001,0,0,4.415,0,0,0,None,8.329,138.282,100.9542,0,2,6,6,0.64,0.64,1,0.461,0,1,1,0,0,0,0,0,0,0,0,0,0,0,0,0,0,natural_gas_fired_combined_cycle,0.93,0,0,0,0,0,0,0,0,0,0,CA,1,0,0
CA_natural_gas_fired_combined_cycle_2,1,1,0,0,0,0,0,0,0,0,15580.5,0,0,0,-1,-1,0,0,0,0,0,0,9981.782,0,0,3.493,0,0,0,None,7.311,458.25,100.9542,0,2,6,6,0.64,0.64,1,0.453,0,1,1,0,0,0,0,0,0,0,0,0,0,0,0,0,0,natural_gas_fired_combined_cycle,0.93,0,0,0,0,0,0,0,0,0,0,CA,2,0,0
CA_natural_gas_fired_combined_cycle_3,1,1,0,0,0,0,0,0,0,0,1683.99,0,0,0,-1,-1,0,0,0,0,0,0,16001,0,0,4.415,0,0,0,None,6.785,80.19,100.9542,0,2,6,6,0.64,0.64,1,0.453,0,1,1,0,0,0,0,0,0,0,0,0,0,0,0,0,0,natural_gas_fired_combined_cycle,0.93,0,0,0,0,0,0,0,0,0,0,CA,3,0,0
CA_natural_gas_fired_combined_cycle_4,1,1,0,0,0,0,0,0,0,0,340.698,0,0,0,-1,-1,0,0,0,0,0,0,16001,0,0,4.415,0,0,0,None,13.424,56.783,100.9542,0,2,6,6,0.64,0.64,1,0.471,0,1,1,0,0,0,0,0,0,0,0,0,0,0,0,0,0,natural_gas_fired_combined_cycle,0.93,0,0,0,0,0,0,0,0,0,0,CA,4,0,0
CA_natural_gas_fired_combustion_turbine_1,1,1,0,0,0,0,0,0,0,0,2418.186,0,0,0,-1,-1,0,0,0,0,0,0,13548,0,0,5.071,0,0,0,None,11.205,26.002,130.90146,0,3.5,1,1,0.64,0.64,1,0.486,0,1,1,0,0,0,0,0,0,0,0,0,0,0,0,0,0,natural_gas_fired_combustion_turbine,0.93,0,0,0,0,0,0,0,0,0,0,CA,1,0,0
CA_natural_gas_fired_combustion_turbine_2,1,1,0,0,0,0,0,0,0,0,5900.029,0,0,0,-1,-1,0,0,0,0,0,0,9992.107,0,0,5.071,0,0,0,None,10.48,83.099,130.90146,0,3.5,1,1,0.64,0.64,1,0.452,0,1,1,0,0,0,0,0,0,0,0,0,0,0,0,0,0,natural_gas_fired_combustion_turbine,0.93,0,0,0,0,0,0,0,0,0,0,CA,2,0,0
CA_onshore_wind_turbine_1,1,0,0,0,0,0,1,0,1,0,6063.2,0,0,0,-1,-1,0,0,0,0,0,0,43000,0,0,0,0,0,0,None,0,35.243,0,0,0,0,0,1,1,1,0,0,1,1,0,0,0,0,0,0,0,0,0,0,0,0,0,0,onshore_wind_turbine,0,0,0,0,0,0,0,0,0,1,1,CA,1,0,0
CA_small_hydroelectric_1,1,0,1,0,0,0,0,0,0,-1,342.916,0,0,0,-1,-1,0,0,0,0,0,0,45648,0,0,0,0,0,0,None,0,1.324,0,0,0,0,0,1,1,1,0.085247357,0,1,1,0,0,0,0,0,0,0,0,0,0,0,0,0,0,small_hydroelectric,0,0,0,0,0,0,0,0,0,1,1,CA,1,0,0
CA_solar_photovoltaic_1,1,0,0,0,0,0,1,0,1,0,12307.1,0,0,0,-1,-1,0,0,0,0,0,0,22887,0,0,0,0,0,0,None,0,20.655,0,0,0,0,0,1,1,1,0,0,1,1,0,0,0,0,0,0,0,0,0,0,0,0,0,0,solar_photovoltaic,0.8,0,0,0,0,0,0,0,0,1,1,CA,1,0,0
CEN_conventional_hydroelectric_1,6,0,0,0,0,1,0,0,0,-1,5737.392,0,0,0,-1,-1,0,0,0,0,0,0,45648,0,0,0,0,0,0,None,0,35.416,0,0,0,0,0,0.083,0.083,0,0.152,0,1,1,0,0,0,0,0,0,0,0,0,0,0,0,0,0,conventional_hydroelectric,0,0,0,0,0,0.8,0,0,0,0,1,CEN,1,0,0
CEN_hydroelectric_pumped_storage_1,6,0,0,1,0,0,0,0,0,-1,943.008,0,0,0,-1,-1,0,0,0,0,0,0,39399,0,0,0,0,0,0,None,0,58.938,0,0,0,0,0,1,1,1,0.577,0,0.866,0.866,0,200,0,0,0,0,0,0,0,0,0,0,0,0,hydroelectric_pumped_storage,0,0,0,0,0,0.95,0,0,0,0,0,CEN,1,0,0
CEN_natural_gas_fired_combined_cycle_1,6,1,0,0,0,0,0,0,0,0,2879.602,0,0,0,-1,-1,0,0,0,0,0,0,13893.358,0,0,4.12,0,0,0,None,11.856,261.782,100.9542,0,2,6,6,0.64,0.64,1,0.339,0,1,1,0,0,0,0,0,0,0,0,0,0,0,0,0,0,natural_gas_fired_combined_cycle,0,0,0,0,0,0.93,0,0,0,0,0,CEN,1,0,0
CEN_natural_gas_fired_combined_cycle_2,6,1,0,0,0,0,0,0,0,0,23647.911,0,0,0,-1,-1,0,0,0,0,0,0,10721.411,0,0,3.478,0,0,0,None,7.334,446.187,100.9542,0,2,6,6,0.64,0.64,1,0.426,0,1,1,0,0,0,0,0,0,0,0,0,0,0,0,0,0,natural_gas_fired_combined_cycle,0,0,0,0,0,0.93,0,0,0,0,0,CEN,2,0,0
CEN_natural_gas_fired_combined_cycle_3,6,1,0,0,0,0,0,0,0,0,3359.296,0,0,0,-1,-1,0,0,0,0,0,0,16001,0,0,4.415,0,0,0,None,7.404,209.956,100.9542,0,2,6,6,0.64,0.64,1,0.487,0,1,1,0,0,0,0,0,0,0,0,0,0,0,0,0,0,natural_gas_fired_combined_cycle,0,0,0,0,0,0.93,0,0,0,0,0,CEN,3,0,0
CEN_natural_gas_fired_combustion_turbine_1,6,1,0,0,0,0,0,0,0,0,1351.518,0,0,0,-1,-1,0,0,0,0,0,0,13548,0,0,5.071,0,0,0,None,12.029,32.179,130.90146,0,3.5,1,1,0.64,0.64,1,0.519,0,1,1,0,0,0,0,0,0,0,0,0,0,0,0,0,0,natural_gas_fired_combustion_turbine,0,0,0,0,0,0.93,0,0,0,0,0,CEN,1,0,0
CEN_natural_gas_fired_combustion_turbine_2,6,1,0,0,0,0,0,0,0,0,12103.554,0,0,0,-1,-1,0,0,0,0,0,0,10033.45,0,0,5.071,0,0,0,None,11.135,93.826,130.90146,0,3.5,1,1,0.64,0.64,1,0.523,0,1,1,0,0,0,0,0,0,0,0,0,0,0,0,0,0,natural_gas_fired_combustion_turbine,0,0,0,0,0,0.93,0,0,0,0,0,CEN,2,0,0
CEN_nuclear_1,6,1,0,0,0,0,0,0,0,0,4150,0,0,0,-1,-1,0,0,0,0,0,0,279364.012,0,0,2.352,0,0,10.455,CEN_reference_uranium,0,1037.5,1130,0,0,36,36,0.25,0.25,1,0.5,0,1,1,0,0,0,0,0,0,0,0,0,0,0,0,0,0,nuclear,0,0,0,0,0,0.93,0,0,0,0,1,CEN,1,0,0
CEN_nuclear_2,6,1,0,0,0,0,0,0,0,0,3108.999,0,0,0,-1,-1,0,0,0,0,0,0,219596.555,0,0,2.353,0,0,10.46,CEN_reference_uranium,0,1036.333,1130,0,0,36,36,0.25,0.25,1,0.5,0,1,1,0,0,0,0,0,0,0,0,0,0,0,0,0,0,nuclear,0,0,0,0,0,0.93,0,0,0,0,1,CEN,2,0,0
CEN_onshore_wind_turbine_1,6,0,0,0,0,0,1,0,1,0,27693.3,0,0,0,-1,-1,0,0,0,0,0,0,43000,0,0,0,0,0,0,None,0,241.356,0,0,0,0,0,1,1,1,0,0,1,1,0,0,0,0,0,0,0,0,0,0,0,0,0,0,onshore_wind_turbine,0,0,0,0,0,0,0,0,0,1,1,CEN,1,0,0
CEN_small_hydroelectric_1,6,0,1,0,0,0,0,0,0,-1,137.904,0,0,0,-1,-1,0,0,0,0,0,0,45648,0,0,0,0,0,0,None,0,2.652,0,0,0,0,0,1,1,1,0.159027003,0,1,1,0,0,0,0,0,0,0,0,0,0,0,0,0,0,small_hydroelectric,0,0,0,0,0,0,0,0,0,1,1,CEN,1,0,0
CEN_solar_photovoltaic_1,6,0,0,0,0,0,1,0,1,0,1942.4,0,0,0,-1,-1,0,0,0,0,0,0,22887,0,0,0,0,0,0,None,0,10.632,0,0,0,0,0,1,1,1,0,0,1,1,0,0,0,0,0,0,0,0,0,0,0,0,0,0,solar_photovoltaic,0,0,0,0,0,0.8,0,0,0,1,1,CEN,1,0,0
MIDAT_conventional_hydroelectric_1,8,0,0,0,0,1,0,0,0,-1,2806.182,0,0,0,-1,-1,0,0,0,0,0,0,45648,0,0,0,0,0,0,None,0,29.853,0,0,0,0,0,0.083,0.083,0,0.109311313,0,1,1,0,0,0,0,0,0,0,0,0,0,0,0,0,0,conventional_hydroelectric,0,0,0,0,0,0,0,0.8,0,0,1,MIDAT,1,0,0
MIDAT_hydroelectric_pumped_storage_1,8,0,0,1,0,0,0,0,0,-1,5244,0,0,0,-1,-1,0,0,0,0,0,0,39399,0,0,0,0,0,0,None,0,228,0,0,0,0,0,1,1,1,0.433,0,0.866,0.866,0,200,0,0,0,0,0,0,0,0,0,0,0,0,hydroelectric_pumped_storage,0,0,0,0,0,0,0,0.95,0,0,0,MIDAT,1,0,0
MIDAT_natural_gas_fired_combined_cycle_1,8,1,0,0,0,0,0,0,0,0,4026.4,0,0,0,-1,-1,0,0,0,0,0,0,16001,0,0,4.415,0,0,0,None,7.676,125.825,100.9542,0,2,6,6,0.64,0.64,1,0.444,0,1,1,0,0,0,0,0,0,0,0,0,0,0,0,0,0,natural_gas_fired_combined_cycle,0,0,0,0,0,0,0,0.93,0,0,0,MIDAT,1,0,0
MIDAT_natural_gas_fired_combined_cycle_2,8,1,0,0,0,0,0,0,0,0,31802.922,0,0,0,-1,-1,0,0,0,0,0,0,11965,0,0,3.452,0,0,0,None,6.833,588.943,100.9542,0,2,6,6,0.64,0.64,1,0.38,0,1,1,0,0,0,0,0,0,0,0,0,0,0,0,0,0,natural_gas_fired_combined_cycle,0,0,0,0,0,0,0,0.93,0,0,0,MIDAT,2,0,0
MIDAT_natural_gas_fired_combined_cycle_3,8,1,0,0,0,0,0,0,0,0,1697.696,0,0,0,-1,-1,0,0,0,0,0,0,11069.135,0,0,3.505,0,0,0,None,12.279,212.212,100.9542,0,2,6,6,0.64,0.64,1,0.217,0,1,1,0,0,0,0,0,0,0,0,0,0,0,0,0,0,natural_gas_fired_combined_cycle,0,0,0,0,0,0,0,0.93,0,0,0,MIDAT,3,0,0
MIDAT_natural_gas_fired_combined_cycle_4,8,1,0,0,0,0,0,0,0,0,20288.499,0,0,0,-1,-1,0,0,0,0,0,0,9496,0,0,3.504,0,0,0,None,7.17,614.803,100.9542,0,2,6,6,0.64,0.64,1,0.39,0,1,1,0,0,0,0,0,0,0,0,0,0,0,0,0,0,natural_gas_fired_combined_cycle,0,0,0,0,0,0,0,0.93,0,0,0,MIDAT,4,0,0
MIDAT_natural_gas_fired_combustion_turbine_1,8,1,0,0,0,0,0,0,0,0,14508.75,0,0,0,-1,-1,0,0,0,0,0,0,9573.46,0,0,5.071,0,0,0,None,11.751,116.07,130.90146,0,3.5,1,1,0.64,0.64,1,0.505,0,1,1,0,0,0,0,0,0,0,0,0,0,0,0,0,0,natural_gas_fired_combustion_turbine,0,0,0,0,0,0,0,0.93,0,0,0,MIDAT,1,0,0
MIDAT_natural_gas_fired_combustion_turbine_2,8,1,0,0,0,0,0,0,0,0,704.718,0,0,0,-1,-1,0,0,0,0,0,0,13548,0,0,5.071,0,0,0,None,10.251,14.994,130.90146,0,3.5,1,1,0.64,0.64,1,0.403,0,1,1,0,0,0,0,0,0,0,0,0,0,0,0,0,0,natural_gas_fired_combustion_turbine,0,0,0,0,0,0,0,0.93,0,0,0,MIDAT,2,0,0
MIDAT_nuclear_1,8,1,0,0,0,0,0,0,0,0,2440,0,0,0,-1,-1,0,0,0,0,0,0,266980,0,0,2.352,0,0,10.455,MIDAT_reference_uranium,0,1220,1130,0,0,36,36,0.25,0.25,1,0.5,0,1,1,0,0,0,0,0,0,0,0,0,0,0,0,0,0,nuclear,0,0,0,0,0,0,0,0.93,0,0,1,MIDAT,1,0,0
MIDAT_nuclear_2,8,1,0,0,0,0,0,0,0,0,17770.208,0,0,0,-1,-1,0,0,0,0,0,0,187522,0,0,2.352,0,0,10.455,MIDAT_reference_uranium,0,1110.638,1130,0,0,36,36,0.25,0.25,1,0.5,0,1,1,0,0,0,0,0,0,0,0,0,0,0,0,0,0,nuclear,0,0,0,0,0,0,0,0.93,0,0,1,MIDAT,2,0,0
MIDAT_onshore_wind_turbine_1,8,0,0,0,0,0,1,0,1,0,3231.6,0,0,0,-1,-1,0,0,0,0,0,0,43000,0,0,0,0,0,0,None,0,161.2,0,0,0,0,0,1,1,1,0,0,1,1,0,0,0,0,0,0,0,0,0,0,0,0,0,0,onshore_wind_turbine,0,0,0,0,0,0,0,0,0,1,1,MIDAT,1,0,0
MIDAT_small_hydroelectric_1,8,0,1,0,0,0,0,0,0,-1,263.268,0,0,0,-1,-1,0,0,0,0,0,0,45648,0,0,0,0,0,0,None,0,1.236,0,0,0,0,0,1,1,1,0.109311313,0,1,1,0,0,0,0,0,0,0,0,0,0,0,0,0,0,small_hydroelectric,0,0,0,0,0,0,0,0,0,1,1,MIDAT,1,0,0
MIDAT_solar_photovoltaic_1,8,0,0,0,0,0,1,0,1,0,2974.6,0,0,0,-1,-1,0,0,0,0,0,0,22887,0,0,0,0,0,0,None,0,10.578,0,0,0,0,0,1,1,1,0,0,1,1,0,0,0,0,0,0,0,0,0,0,0,0,0,0,solar_photovoltaic,0,0,0,0,0,0,0,0.8,0,1,1,MIDAT,1,0,0
NE_conventional_hydroelectric_1,9,0,0,0,0,1,0,0,0,-1,4729.48,0,0,0,-1,-1,0,0,0,0,0,0,45648,0,0,0,0,0,0,None,0,24.13,0,0,0,0,0,0.083,0.083,0,0.095,0,1,1,0,0,0,0,0,0,0,0,0,0,0,0,0,0,conventional_hydroelectric,0,0,0,0,0,0,0,0,0.8,0,1,NE,1,0,0
NE_hydroelectric_pumped_storage_1,9,0,0,1,0,0,0,0,0,-1,3206.9,0,0,0,-1,-1,0,0,0,0,0,0,39399,0,0,0,0,0,0,None,0,128.276,0,0,0,0,0,1,1,1,0.307,0,0.866,0.866,0,200,0,0,0,0,0,0,0,0,0,0,0,0,hydroelectric_pumped_storage,0,0,0,0,0,0,0,0,0.95,0,0,NE,1,0,0
NE_natural_gas_fired_combined_cycle_1,9,1,0,0,0,0,0,0,0,0,6119.616,0,0,0,-1,-1,0,0,0,0,0,0,16001,0,0,4.415,0,0,0,None,8.571,127.492,100.9542,0,2,6,6,0.64,0.64,1,0.526,0,1,1,0,0,0,0,0,0,0,0,0,0,0,0,0,0,natural_gas_fired_combined_cycle,0,0,0,0,0,0,0,0,0.93,0,0,NE,1,0,0
NE_natural_gas_fired_combined_cycle_2,9,1,0,0,0,0,0,0,0,0,21225.12,0,0,0,-1,-1,0,0,0,0,0,0,10223.482,0,0,3.488,0,0,0,None,7.663,442.19,100.9542,0,2,6,6,0.64,0.64,1,0.409,0,1,1,0,0,0,0,0,0,0,0,0,0,0,0,0,0,natural_gas_fired_combined_cycle,0,0,0,0,0,0,0,0,0.93,0,0,NE,2,0,0
NE_natural_gas_fired_combined_cycle_3,9,1,0,0,0,0,0,0,0,0,19.5,0,0,0,-1,-1,0,0,0,0,0,0,16001,0,0,4.415,0,0,0,None,19.881,19.5,100.9542,0,2,6,6,0.64,0.64,1,0.472,0,1,1,0,0,0,0,0,0,0,0,0,0,0,0,0,0,natural_gas_fired_combined_cycle,0,0,0,0,0,0,0,0,0.93,0,0,NE,3,0,0
NE_natural_gas_fired_combustion_turbine_1,9,1,0,0,0,0,0,0,0,0,1413.201,0,0,0,-1,-1,0,0,0,0,0,0,13548,0,0,5.071,0,0,0,None,11.332,24.793,130.90146,0,3.5,1,1,0.64,0.64,1,0.39,0,1,1,0,0,0,0,0,0,0,0,0,0,0,0,0,0,natural_gas_fired_combustion_turbine,0,0,0,0,0,0,0,0,0.93,0,0,NE,1,0,0
NE_natural_gas_fired_combustion_turbine_2,9,1,0,0,0,0,0,0,0,0,2341.199,0,0,0,-1,-1,0,0,0,0,0,0,9896.045,0,0,5.071,0,0,0,None,10.089,80.731,130.90146,0,3.5,1,1,0.64,0.64,1,0.367,0,1,1,0,0,0,0,0,0,0,0,0,0,0,0,0,0,natural_gas_fired_combustion_turbine,0,0,0,0,0,0,0,0,0.93,0,0,NE,2,0,0
NE_nuclear_1,9,1,0,0,0,0,0,0,0,0,3395.7,0,0,0,-1,-1,0,0,0,0,0,0,187522,0,0,2.352,0,0,10.455,NE_reference_uranium,0,1131.9,1130,0,0,36,36,0.25,0.25,1,0.5,0,1,1,0,0,0,0,0,0,0,0,0,0,0,0,0,0,nuclear,0,0,0,0,0,0,0,0,0.93,0,1,NE,1,0,0
NE_nuclear_2,9,1,0,0,0,0,0,0,0,0,2104.7,0,0,0,-1,-1,0,0,0,0,0,0,294078.21,0,0,2.352,0,0,10.455,NE_reference_uranium,0,1052.35,1130,0,0,36,36,0.25,0.25,1,0.5,0,1,1,0,0,0,0,0,0,0,0,0,0,0,0,0,0,nuclear,0,0,0,0,0,0,0,0,0.93,0,1,NE,2,0,0
NE_onshore_wind_turbine_1,9,0,0,0,0,0,1,0,1,0,3654.5,0,0,0,-1,-1,0,0,0,0,0,0,43000,0,0,0,0,0,0,None,0,86.17,0,0,0,0,0,1,1,1,0,0,1,1,0,0,0,0,0,0,0,0,0,0,0,0,0,0,onshore_wind_turbine,0,0,0,0,0,0,0,0,0,1,1,NE,1,0,0
NE_small_hydroelectric_1,9,0,1,0,0,0,0,0,0,-1,834.494,0,0,0,-1,-1,0,0,0,0,0,0,45648,0,0,0,0,0,0,None,0,1.051,0,0,0,0,0,1,1,1,0.258,0,1,1,0,0,0,0,0,0,0,0,0,0,0,0,0,0,small_hydroelectric,0,0,0,0,0,0,0,0,0,1,1,NE,1,0,0
NE_solar_photovoltaic_1,9,0,0,0,0,0,1,0,1,0,1629.6,0,0,0,-1,-1,0,0,0,0,0,0,22887,0,0,0,0,0,0,None,0,3.63,0,0,0,0,0,1,1,1,0,0,1,1,0,0,0,0,0,0,0,0,0,0,0,0,0,0,solar_photovoltaic,0,0,0,0,0,0,0,0,0.8,1,1,NE,1,0,0
NW_conventional_hydroelectric_1,2,0,0,0,0,1,0,0,0,-1,33915.912,0,0,0,-1,-1,0,0,0,0,0,0,45648,0,0,0,0,0,0,None,0,74.377,0,0,0,0,0,0.083,0.083,0,0.274,0,1,1,0,0,0,0,0,0,0,0,0,0,0,0,0,0,conventional_hydroelectric,0,0.8,0,0,0,0,0,0,0,0,1,NW,1,0,0
NW_hydroelectric_pumped_storage_1,2,0,0,1,0,0,0,0,0,-1,313.998,0,0,0,-1,-1,0,0,0,0,0,0,39399,0,0,0,0,0,0,None,0,52.333,0,0,0,0,0,1,1,1,0,0,0.866,0.866,0,200,0,0,0,0,0,0,0,0,0,0,0,0,hydroelectric_pumped_storage,0,0.95,0,0,0,0,0,0,0,0,0,NW,1,0,0
NW_natural_gas_fired_combined_cycle_1,2,1,0,0,0,0,0,0,0,0,2405,0,0,0,-1,-1,0,0,0,0,0,0,9496,0,0,3.504,0,0,0,None,7.452,601.25,100.9542,0,2,6,6,0.64,0.64,1,0.449,0,1,1,0,0,0,0,0,0,0,0,0,0,0,0,0,0,natural_gas_fired_combined_cycle,0,0.93,0,0,0,0,0,0,0,0,0,NW,1,0,0
NW_natural_gas_fired_combined_cycle_2,2,1,0,0,0,0,0,0,0,0,3799.9,0,0,0,-1,-1,0,0,0,0,0,0,16001,0,0,4.415,0,0,0,None,7.165,292.3,100.9542,0,2,6,6,0.64,0.64,1,0.527,0,1,1,0,0,0,0,0,0,0,0,0,0,0,0,0,0,natural_gas_fired_combined_cycle,0,0.93,0,0,0,0,0,0,0,0,0,NW,2,0,0
NW_natural_gas_fired_combined_cycle_3,2,1,0,0,0,0,0,0,0,0,6.5,0,0,0,-1,-1,0,0,0,0,0,0,16001,0,0,4.415,0,0,0,None,11.118,6.5,100.9542,0,2,6,6,0.64,0.64,1,0.4,0,1,1,0,0,0,0,0,0,0,0,0,0,0,0,0,0,natural_gas_fired_combined_cycle,0,0.93,0,0,0,0,0,0,0,0,0,NW,3,0,0
NW_natural_gas_fired_combined_cycle_4,2,1,0,0,0,0,0,0,0,0,616.3,0,0,0,-1,-1,0,0,0,0,0,0,16001,0,0,4.415,0,0,0,None,8.842,154.075,100.9542,0,2,6,6,0.64,0.64,1,0.44,0,1,1,0,0,0,0,0,0,0,0,0,0,0,0,0,0,natural_gas_fired_combined_cycle,0,0.93,0,0,0,0,0,0,0,0,0,NW,4,0,0
NW_natural_gas_fired_combustion_turbine_1,2,1,0,0,0,0,0,0,0,0,253.198,0,0,0,-1,-1,0,0,0,0,0,0,13548,0,0,5.071,0,0,0,None,12.714,14.894,130.90146,0,3.5,1,1,0.64,0.64,1,0.404,0,1,1,0,0,0,0,0,0,0,0,0,0,0,0,0,0,natural_gas_fired_combustion_turbine,0,0.93,0,0,0,0,0,0,0,0,0,NW,1,0,0
NW_natural_gas_fired_combustion_turbine_2,2,1,0,0,0,0,0,0,0,0,1568.6,0,0,0,-1,-1,0,0,0,0,0,0,10565.504,0,0,5.071,0,0,0,None,10.98,71.3,130.90146,0,3.5,1,1,0.64,0.64,1,0.414,0,1,1,0,0,0,0,0,0,0,0,0,0,0,0,0,0,natural_gas_fired_combustion_turbine,0,0.93,0,0,0,0,0,0,0,0,0,NW,2,0,0
NW_nuclear_1,2,1,0,0,0,0,0,0,0,0,1163,0,0,0,-1,-1,0,0,0,0,0,0,266980,0,0,2.352,0,0,10.455,NW_reference_uranium,0,1163,1130,0,0,36,36,0.25,0.25,1,0.5,0,1,1,0,0,0,0,0,0,0,0,0,0,0,0,0,0,nuclear,0,0.93,0,0,0,0,0,0,0,0,1,NW,1,0,0
NW_onshore_wind_turbine_1,2,0,0,0,0,0,1,0,1,0,10851.5,0,0,0,-1,-1,0,0,0,0,0,0,43000,0,0,0,0,0,0,None,0,275.447,0,0,0,0,0,1,1,1,0,0,1,1,0,0,0,0,0,0,0,0,0,0,0,0,0,0,onshore_wind_turbine,0,0,0,0,0,0,0,0,0,1,1,NW,1,0,0
NW_small_hydroelectric_1,2,0,1,0,0,0,0,0,0,-1,734.58,0,0,0,-1,-1,0,0,0,0,0,0,45648,0,0,0,0,0,0,None,0,2.385,0,0,0,0,0,1,1,1,0.229,0,1,1,0,0,0,0,0,0,0,0,0,0,0,0,0,0,small_hydroelectric,0,0,0,0,0,0,0,0,0,1,1,NW,1,0,0
NW_solar_photovoltaic_1,2,0,0,0,0,0,1,0,1,0,537.7,0,0,0,-1,-1,0,0,0,0,0,0,22887,0,0,0,0,0,0,None,0,13.533,0,0,0,0,0,1,1,1,0,0,1,1,0,0,0,0,0,0,0,0,0,0,0,0,0,0,solar_photovoltaic,0,0.8,0,0,0,0,0,0,0,1,1,NW,1,0,0
NCEN_conventional_hydroelectric_1,5,0,0,0,0,1,0,0,0,-1,456.48,0,0,0,-1,-1,0,0,0,0,0,0,45648,0,0,0,0,0,0,None,0,10.144,0,0,0,0,0,0.083,0.083,0,0.132,0,1,1,0,0,0,0,0,0,0,0,0,0,0,0,0,0,conventional_hydroelectric,0,0,0,0,0.8,0,0,0,0,0,1,NCEN,1,0,0
NCEN_hydroelectric_pumped_storage_1,5,0,0,1,0,0,0,0,0,-1,1999.002,0,0,0,-1,-1,0,0,0,0,0,0,39399,0,0,0,0,0,0,None,0,333.167,0,0,0,0,0,1,1,1,0.72,0,0.866,0.866,0,200,0,0,0,0,0,0,0,0,0,0,0,0,hydroelectric_pumped_storage,0,0,0,0,0.95,0,0,0,0,0,0,NCEN,1,0,0
NCEN_natural_gas_fired_combined_cycle_1,5,1,0,0,0,0,0,0,0,0,1962.198,0,0,0,-1,-1,0,0,0,0,0,0,13812.691,0,0,3.893,0,0,0,None,10.565,218.022,100.9542,0,2,6,6,0.64,0.64,1,0.304,0,1,1,0,0,0,0,0,0,0,0,0,0,0,0,0,0,natural_gas_fired_combined_cycle,0,0,0,0,0.93,0,0,0,0,0,0,NCEN,1,0,0
NCEN_natural_gas_fired_combined_cycle_2,5,1,0,0,0,0,0,0,0,0,17664.891,0,0,0,-1,-1,0,0,0,0,0,0,10550.667,0,0,3.482,0,0,0,None,7.218,430.851,100.9542,0,2,6,6,0.64,0.64,1,0.435,0,1,1,0,0,0,0,0,0,0,0,0,0,0,0,0,0,natural_gas_fired_combined_cycle,0,0,0,0,0.93,0,0,0,0,0,0,NCEN,2,0,0
NCEN_natural_gas_fired_combined_cycle_3,5,1,0,0,0,0,0,0,0,0,1900.794,0,0,0,-1,-1,0,0,0,0,0,0,16001,0,0,4.415,0,0,0,None,7.441,135.771,100.9542,0,2,6,6,0.64,0.64,1,0.579,0,1,1,0,0,0,0,0,0,0,0,0,0,0,0,0,0,natural_gas_fired_combined_cycle,0,0,0,0,0.93,0,0,0,0,0,0,NCEN,3,0,0
NCEN_natural_gas_fired_combined_cycle_4,5,1,0,0,0,0,0,0,0,0,5,0,0,0,-1,-1,0,0,0,0,0,0,16001,0,0,4.415,0,0,0,None,24,5,100.9542,0,2,6,6,0.64,0.64,1,0.1,0,1,1,0,0,0,0,0,0,0,0,0,0,0,0,0,0,natural_gas_fired_combined_cycle,0,0,0,0,0.93,0,0,0,0,0,0,NCEN,4,0,0
NCEN_natural_gas_fired_combustion_turbine_1,5,1,0,0,0,0,0,0,0,0,15755.313,0,0,0,-1,-1,0,0,0,0,0,0,9723.911,0,0,5.071,0,0,0,None,11.896,107.179,130.90146,0,3.5,1,1,0.64,0.64,1,0.488,0,1,1,0,0,0,0,0,0,0,0,0,0,0,0,0,0,natural_gas_fired_combustion_turbine,0,0,0,0,0.93,0,0,0,0,0,0,NCEN,1,0,0
NCEN_natural_gas_fired_combustion_turbine_2,5,1,0,0,0,0,0,0,0,0,1044.083,0,0,0,-1,-1,0,0,0,0,0,0,13548,0,0,5.071,0,0,0,None,12.32,24.281,130.90146,0,3.5,1,1,0.64,0.64,1,0.333,0,1,1,0,0,0,0,0,0,0,0,0,0,0,0,0,0,natural_gas_fired_combustion_turbine,0,0,0,0,0.93,0,0,0,0,0,0,NCEN,2,0,0
NCEN_nuclear_1,5,1,0,0,0,0,0,0,0,0,11463.504,0,0,0,-1,-1,0,0,0,0,0,0,187522,0,0,2.352,0,0,10.455,NCEN_reference_uranium,0,955.292,1130,0,0,36,36,0.25,0.25,1,0.5,0,1,1,0,0,0,0,0,0,0,0,0,0,0,0,0,0,nuclear,0,0,0,0,0.93,0,0,0,0,0,1,NCEN,1,0,0
NCEN_nuclear_2,5,1,0,0,0,0,0,0,0,0,2885.001,0,0,0,-1,-1,0,0,0,0,0,0,281925.328,0,0,2.352,0,0,10.455,NCEN_reference_uranium,0,961.667,1130,0,0,36,36,0.25,0.25,1,0.5,0,1,1,0,0,0,0,0,0,0,0,0,0,0,0,0,0,nuclear,0,0,0,0,0.93,0,0,0,0,0,1,NCEN,2,0,0
NCEN_onshore_wind_turbine_1,5,0,0,0,0,0,1,0,1,0,22119.3,0,0,0,-1,-1,0,0,0,0,0,0,43000,0,0,0,0,0,0,None,0,139.405,0,0,0,0,0,1,1,1,0,0,1,1,0,0,0,0,0,0,0,0,0,0,0,0,0,0,onshore_wind_turbine,0,0,0,0,0,0,0,0,0,1,1,NCEN,1,0,0
NCEN_small_hydroelectric_1,5,0,1,0,0,0,0,0,0,-1,482.3,0,0,0,-1,-1,0,0,0,0,0,0,45648,0,0,0,0,0,0,None,0,0.91,0,0,0,0,0,1,1,1,0.28196497,0,1,1,0,0,0,0,0,0,0,0,0,0,0,0,0,0,small_hydroelectric,0,0,0,0,0,0,0,0,0,1,1,NCEN,1,0,0
NCEN_solar_photovoltaic_1,5,0,0,0,0,0,1,0,1,0,1261,0,0,0,-1,-1,0,0,0,0,0,0,22887,0,0,0,0,0,0,None,0,4.655,0,0,0,0,0,1,1,1,0,0,1,1,0,0,0,0,0,0,0,0,0,0,0,0,0,0,solar_photovoltaic,0,0,0,0,0.8,0,0,0,0,1,1,NCEN,1,0,0
SE_conventional_hydroelectric_1,7,0,0,0,0,1,0,0,0,-1,11123.215,0,0,0,-1,-1,0,0,0,0,0,0,45648,0,0,0,0,0,0,None,0,31.333,0,0,0,0,0,0.083,0.083,0,0.135129141,0,1,1,0,0,0,0,0,0,0,0,0,0,0,0,0,0,conventional_hydroelectric,0,0,0,0,0,0,0.8,0,0,0,1,SE,1,0,0
SE_hydroelectric_pumped_storage_1,7,0,0,1,0,0,0,0,0,-1,6261.984,0,0,0,-1,-1,0,0,0,0,0,0,39399,0,0,0,0,0,0,None,0,184.176,0,0,0,0,0,1,1,1,0.653,0,0.866,0.866,0,200,0,0,0,0,0,0,0,0,0,0,0,0,hydroelectric_pumped_storage,0,0,0,0,0,0,0.95,0,0,0,0,SE,1,0,0
SE_natural_gas_fired_combined_cycle_1,7,1,0,0,0,0,0,0,0,0,26218.712,0,0,0,-1,-1,0,0,0,0,0,0,9496,0,0,3.504,0,0,0,None,7.275,504.206,100.9542,0,2,6,6,0.64,0.64,1,0.41,0,1,1,0,0,0,0,0,0,0,0,0,0,0,0,0,0,natural_gas_fired_combined_cycle,0,0,0,0,0,0,0.93,0,0,0,0,SE,1,0,0
SE_natural_gas_fired_combined_cycle_2,7,1,0,0,0,0,0,0,0,0,4637.5,0,0,0,-1,-1,0,0,0,0,0,0,16001,0,0,4.415,0,0,0,None,7.735,185.5,100.9542,0,2,6,6,0.64,0.64,1,0.586,0,1,1,0,0,0,0,0,0,0,0,0,0,0,0,0,0,natural_gas_fired_combined_cycle,0,0,0,0,0,0,0.93,0,0,0,0,SE,2,0,0
SE_natural_gas_fired_combined_cycle_3,7,1,0,0,0,0,0,0,0,0,42679.32,0,0,0,-1,-1,0,0,0,0,0,0,11977.294,0,0,3.455,0,0,0,None,6.969,711.322,100.9542,0,2,6,6,0.64,0.64,1,0.596,0,1,1,0,0,0,0,0,0,0,0,0,0,0,0,0,0,natural_gas_fired_combined_cycle,0,0,0,0,0,0,0.93,0,0,0,0,SE,3,0,0
SE_natural_gas_fired_combined_cycle_4,7,1,0,0,0,0,0,0,0,0,6088.5,0,0,0,-1,-1,0,0,0,0,0,0,11733.808,0,0,3.493,0,0,0,None,10.235,507.375,100.9542,0,2,6,6,0.64,0.64,1,0.561,0,1,1,0,0,0,0,0,0,0,0,0,0,0,0,0,0,natural_gas_fired_combined_cycle,0,0,0,0,0,0,0.93,0,0,0,0,SE,4,0,0
SE_natural_gas_fired_combustion_turbine_1,7,1,0,0,0,0,0,0,0,0,24934.14,0,0,0,-1,-1,0,0,0,0,0,0,9518.439,0,0,5.071,0,0,0,None,11.133,138.523,130.90146,0,3.5,1,1,0.64,0.64,1,0.472,0,1,1,0,0,0,0,0,0,0,0,0,0,0,0,0,0,natural_gas_fired_combustion_turbine,0,0,0,0,0,0,0.93,0,0,0,0,SE,1,0,0
SE_natural_gas_fired_combustion_turbine_2,7,1,0,0,0,0,0,0,0,0,683.209,0,0,0,-1,-1,0,0,0,0,0,0,13548,0,0,5.071,0,0,0,None,10.306,22.039,130.90146,0,3.5,1,1,0.64,0.64,1,0.326,0,1,1,0,0,0,0,0,0,0,0,0,0,0,0,0,0,natural_gas_fired_combustion_turbine,0,0,0,0,0,0,0.93,0,0,0,0,SE,2,0,0
SE_nuclear_1,7,1,0,0,0,0,0,0,0,0,33632.288,0,0,0,-1,-1,0,0,0,0,0,0,199087.824,0,0,2.34,0,0,10.456,SE_reference_uranium,0,1051.009,1130,0,0,36,36,0.25,0.25,1,0.5,0,1,1,0,0,0,0,0,0,0,0,0,0,0,0,0,0,nuclear,0,0,0,0,0,0,0.93,0,0,0,1,SE,1,0,0
SE_nuclear_2,7,1,0,0,0,0,0,0,0,0,2228,0,0,0,-1,-1,0,0,0,0,0,0,187522,0,0,2.258,0,0,9.21,SE_reference_uranium,0,1114,1130,0,0,36,36,0.25,0.25,1,0.5,0,1,1,0,0,0,0,0,0,0,0,0,0,0,0,0,0,nuclear,0,0,0,0,0,0,0.93,0,0,0,1,SE,2,0,0
SE_small_hydroelectric_1,7,0,1,0,0,0,0,0,0,-1,249.895,0,0,0,-1,-1,0,0,0,0,0,0,45648,0,0,0,0,0,0,None,0,1.219,0,0,0,0,0,1,1,1,0.135129141,0,1,1,0,0,0,0,0,0,0,0,0,0,0,0,0,0,small_hydroelectric,0,0,0,0,0,0,0,0,0,1,1,SE,1,0,0
SE_solar_photovoltaic_1,7,0,0,0,0,0,1,0,1,0,8502.2,0,0,0,-1,-1,0,0,0,0,0,0,22887,0,0,0,0,0,0,None,0,17.142,0,0,0,0,0,1,1,1,0,0,1,1,0,0,0,0,0,0,0,0,0,0,0,0,0,0,solar_photovoltaic,0,0,0,0,0,0,0.8,0,0,1,1,SE,1,0,0
SW_conventional_hydroelectric_1,3,0,0,0,0,1,0,0,0,-1,4444.005,0,0,0,-1,-1,0,0,0,0,0,0,45648,0,0,0,0,0,0,None,0,77.965,0,0,0,0,0,0.083,0.083,0,0.002,0,1,1,0,0,0,0,0,0,0,0,0,0,0,0,0,0,conventional_hydroelectric,0,0,0.8,0,0,0,0,0,0,0,1,SW,1,0,0
SW_hydroelectric_pumped_storage_1,3,0,0,1,0,0,0,0,0,-1,778.8,0,0,0,-1,-1,0,0,0,0,0,0,39399,0,0,0,0,0,0,None,0,70.8,0,0,0,0,0,1,1,1,0.36,0,0.866,0.866,0,200,0,0,0,0,0,0,0,0,0,0,0,0,hydroelectric_pumped_storage,0,0,0.95,0,0,0,0,0,0,0,0,SW,1,0,0
SW_natural_gas_fired_combined_cycle_1,3,1,0,0,0,0,0,0,0,0,18675.696,0,0,0,-1,-1,0,0,0,0,0,0,10216.075,0,0,3.489,0,0,0,None,7.713,478.864,100.9542,0,2,6,6,0.64,0.64,1,0.392,0,1,1,0,0,0,0,0,0,0,0,0,0,0,0,0,0,natural_gas_fired_combined_cycle,0,0,0.93,0,0,0,0,0,0,0,0,SW,1,0,0
SW_natural_gas_fired_combined_cycle_2,3,1,0,0,0,0,0,0,0,0,2747.304,0,0,0,-1,-1,0,0,0,0,0,0,16001,0,0,4.415,0,0,0,None,8.159,152.628,100.9542,0,2,6,6,0.64,0.64,1,0.456,0,1,1,0,0,0,0,0,0,0,0,0,0,0,0,0,0,natural_gas_fired_combined_cycle,0,0,0.93,0,0,0,0,0,0,0,0,SW,2,0,0
SW_natural_gas_fired_combined_cycle_3,3,1,0,0,0,0,0,0,0,0,189.6,0,0,0,-1,-1,0,0,0,0,0,0,16001,0,0,4.415,0,0,0,None,12.425,63.2,100.9542,0,2,6,6,0.64,0.64,1,0.451,0,1,1,0,0,0,0,0,0,0,0,0,0,0,0,0,0,natural_gas_fired_combined_cycle,0,0,0.93,0,0,0,0,0,0,0,0,SW,4,0,0
SW_natural_gas_fired_combustion_turbine_1,3,1,0,0,0,0,0,0,0,0,5783.25,0,0,0,-1,-1,0,0,0,0,0,0,10498.459,0,0,5.071,0,0,0,None,11.075,52.575,130.90146,0,3.5,1,1,0.64,0.64,1,0.484,0,1,1,0,0,0,0,0,0,0,0,0,0,0,0,0,0,natural_gas_fired_combustion_turbine,0,0,0.93,0,0,0,0,0,0,0,0,SW,1,0,0
SW_natural_gas_fired_combustion_turbine_2,3,1,0,0,0,0,0,0,0,0,749,0,0,0,-1,-1,0,0,0,0,0,0,10289.616,0,0,5.071,0,0,0,None,19.589,53.5,130.90146,0,3.5,1,1,0.64,0.64,1,0.119,0,1,1,0,0,0,0,0,0,0,0,0,0,0,0,0,0,natural_gas_fired_combustion_turbine,0,0,0.93,0,0,0,0,0,0,0,0,SW,2,0,0
SW_nuclear_1,3,1,0,0,0,0,0,0,0,0,4002.999,0,0,0,-1,-1,0,0,0,0,0,0,187522,0,0,2.352,0,0,10.458,TX_reference_uranium,0,1334.333,1130,0,0,36,36,0.25,0.25,1,0.5,0,1,1,0,0,0,0,0,0,0,0,0,0,0,0,0,0,nuclear,0,0,0.93,0,0,0,0,0,0,0,1,SW,1,0,0
SW_onshore_wind_turbine_1,3,0,0,0,0,0,1,0,1,0,5283.2,0,0,0,-1,-1,0,0,0,0,0,0,43000,0,0,0,0,0,0,None,0,176.157,0,0,0,0,0,1,1,1,0,0,1,1,0,0,0,0,0,0,0,0,0,0,0,0,0,0,onshore_wind_turbine,0,0,0,0,0,0,0,0,0,1,1,SW,1,0,0
SW_small_hydroelectric_1,3,0,1,0,0,0,0,0,0,-1,147.75,0,0,0,-1,-1,0,0,0,0,0,0,45648,0,0,0,0,0,0,None,0,1.182,0,0,0,0,0,1,1,1,0.166,0,1,1,0,0,0,0,0,0,0,0,0,0,0,0,0,0,small_hydroelectric,0,0,0,0,0,0,0,0,0,1,1,SW,1,0,0
SW_solar_photovoltaic_1,3,0,0,0,0,0,1,0,1,0,7717.4,0,0,0,-1,-1,0,0,0,0,0,0,22887,0,0,0,0,0,0,None,0,27.14,0,0,0,0,0,1,1,1,0,0,1,1,0,0,0,0,0,0,0,0,0,0,0,0,0,0,solar_photovoltaic,0,0,0.8,0,0,0,0,0,0,1,1,SW,1,0,0
TX_conventional_hydroelectric_1,4,0,0,0,0,1,0,0,0,-1,467.896,0,0,0,-1,-1,0,0,0,0,0,0,45648,0,0,0,0,0,0,None,0,21.268,0,0,0,0,0,0.083,0.083,0,0.0069,0,1,1,0,0,0,0,0,0,0,0,0,0,0,0,0,0,conventional_hydroelectric,0,0,0,0.8,0,0,0,0,0,0,1,TX,1,0,0
TX_natural_gas_fired_combined_cycle_1,4,1,0,0,0,0,0,0,0,0,29316.215,0,0,0,-1,-1,0,0,0,0,0,0,10783.769,0,0,3.477,0,0,0,None,7.319,496.885,100.9542,0,2,6,6,0.64,0.64,1,0.445,0,1,1,0,0,0,0,0,0,0,0,0,0,0,0,0,0,natural_gas_fired_combined_cycle,0,0,0,0.93,0,0,0,0,0,0,0,TX,1,0,0
TX_natural_gas_fired_combined_cycle_2,4,1,0,0,0,0,0,0,0,0,1727.298,0,0,0,-1,-1,0,0,0,0,0,0,16001,0,0,4.415,0,0,0,None,10.49,191.922,100.9542,0,2,6,6,0.64,0.64,1,0.372,0,1,1,0,0,0,0,0,0,0,0,0,0,0,0,0,0,natural_gas_fired_combined_cycle,0,0,0,0.93,0,0,0,0,0,0,0,TX,2,0,0
TX_natural_gas_fired_combined_cycle_3,4,1,0,0,0,0,0,0,0,0,2439.6,0,0,0,-1,-1,0,0,0,0,0,0,16001,0,0,4.415,0,0,0,None,7.455,243.96,100.9542,0,2,6,6,0.64,0.64,1,0.509,0,1,1,0,0,0,0,0,0,0,0,0,0,0,0,0,0,natural_gas_fired_combined_cycle,0,0,0,0.93,0,0,0,0,0,0,0,TX,3,0,0
TX_natural_gas_fired_combined_cycle_4,4,1,0,0,0,0,0,0,0,0,4699.904,0,0,0,-1,-1,0,0,0,0,0,0,10120.092,0,0,3.491,0,0,0,None,10.703,587.488,100.9542,0,2,6,6,0.64,0.64,1,0.543,0,1,1,0,0,0,0,0,0,0,0,0,0,0,0,0,0,natural_gas_fired_combined_cycle,0,0,0,0.93,0,0,0,0,0,0,0,TX,4,0,0
TX_natural_gas_fired_combustion_turbine_1,4,1,0,0,0,0,0,0,0,0,985.296,0,0,0,-1,-1,0,0,0,0,0,0,13548,0,0,5.071,0,0,0,None,11.406,37.896,130.90146,0,3.5,1,1,0.64,0.64,1,0.423,0,1,1,0,0,0,0,0,0,0,0,0,0,0,0,0,0,natural_gas_fired_combustion_turbine,0,0,0,0.93,0,0,0,0,0,0,0,TX,1,0,0
TX_natural_gas_fired_combustion_turbine_2,4,1,0,0,0,0,0,0,0,0,3938.88,0,0,0,-1,-1,0,0,0,0,0,0,10225.099,0,0,5.071,0,0,0,None,10.786,59.68,130.90146,0,3.5,1,1,0.64,0.64,1,0.417,0,1,1,0,0,0,0,0,0,0,0,0,0,0,0,0,0,natural_gas_fired_combustion_turbine,0,0,0,0.93,0,0,0,0,0,0,0,TX,2,0,0
TX_nuclear_1,4,1,0,0,0,0,0,0,0,0,2560,0,0,0,-1,-1,0,0,0,0,0,0,187522,0,0,2.352,0,0,10.455,TX_reference_uranium,0,1280,1130,0,0,36,36,0.25,0.25,1,0.5,0,1,1,0,0,0,0,0,0,0,0,0,0,0,0,0,0,nuclear,0,0,0,0.93,0,0,0,0,0,0,1,TX,1,0,0
TX_nuclear_2,4,1,0,0,0,0,0,0,0,0,2460,0,0,0,-1,-1,0,0,0,0,0,0,187522,0,0,2.352,0,0,10.455,TX_reference_uranium,0,1230,1130,0,0,36,36,0.25,0.25,1,0.3,0,1,1,0,0,0,0,0,0,0,0,0,0,0,0,0,0,nuclear,0,0,0,0.93,0,0,0,0,0,0,1,TX,2,0,0
TX_onshore_wind_turbine_1,4,0,0,0,0,0,1,0,1,0,24925.4,0,0,0,-1,-1,0,0,0,0,0,0,43000,0,0,0,0,0,0,None,0,264.43,0,0,0,0,0,1,1,1,0,0,1,1,0,0,0,0,0,0,0,0,0,0,0,0,0,0,onshore_wind_turbine,0,0,0,0,0,0,0,0,0,1,1,TX,1,0,0
TX_small_hydroelectric_1,4,0,1,0,0,0,0,0,0,-1,15.751,0,0,0,-1,-1,0,0,0,0,0,0,45648,0,0,0,0,0,0,None,0,0.829,0,0,0,0,0,1,1,1,0.0069,0,1,1,0,0,0,0,0,0,0,0,0,0,0,0,0,0,small_hydroelectric,0,0,0,0,0,0,0,0,0,1,1,TX,1,0,0
TX_solar_photovoltaic_1,4,0,0,0,0,0,1,0,1,0,596,0,0,0,-1,-1,0,0,0,0,0,0,22887,0,0,0,0,0,0,None,0,111.009,0,0,0,0,0,1,1,1,0,0,1,1,0,0,0,0,0,0,0,0,0,0,0,0,0,0,solar_photovoltaic,0,0,0,0.8,0,0,0,0,0,1,1,TX,1,0,0
CA_naturalgas_ccccsavgcf_conservative_0,1,1,0,0,0,0,0,0,0,1,0,0,0,-1,-1,-1,0,0,0,117963.2972,0,0,47800,0,0,3.76,0,0,0,None,6.878,377,109.61,0,0.2,4,4,1,1,1,0.5,0,1,1,0,0,0,0,0,0,0,0,0,0,0,0,0,0,naturalgas_ccccsavgcf_conservative,0.93,0,0,0,0,0,0,0,0,0,0,CA,0,0,0.97
CA_naturalgas_ccavgcf_moderate_0,1,1,0,0,0,0,0,0,0,1,0,0,0,-1,-1,-1,0,0,0,80958.25546,0,0,27800,0,0,1.85,0,0,0,None,6.159,573,68.93,0,0.2,4,4,1,1,1,0.3,0,1,1,0,0,0,0,0,0,0,0,0,0,0,0,0,0,naturalgas_ccavgcf_moderate,0.93,0,0,0,0,0,0,0,0,0,0,CA,0,0,0
CA_naturalgas_ctavgcf_moderate_0,1,1,0,0,0,0,0,0,0,1,0,0,0,-1,-1,-1,0,0,0,65492.39668,0,0,22800,0,0,6.94,0,0,0,None,9.717,237,158.2,0,0.19,0,0,1,1,1,0.25,0,1,1,0,0,0,0,0,0,0,0,0,0,0,0,0,0,naturalgas_ctavgcf_moderate,0.93,0,0,0,0,0,0,0,0,0,0,CA,0,0,0
CA_battery_moderate_0,1,0,0,1,0,0,0,0,0,1,0,0,0,-1,-1,-1,0,0,0,27447.74816,17369.10583,0,7075.764437,4477.587766,0,1,1,0,0,None,0,1,0,0,0,0,0,1,1,1,0,0,0.92,0.92,1,10,0,0,0,0,0,0,0,0,0,0,0,0,battery_moderate,0.95,0,0,0,0,0,0,0,0,0,0,CA,0,0,0
CA_nuclear_mid_0,1,1,0,0,0,0,0,0,0,1,0,0,0,-1,-1,-1,0,0,0,281653.736,0,0,175000,0,0,2.8,0,0,10.497,CA_reference_uranium,0,1000,1130,0,0,36,36,0.25,0.25,1,0.3,0,1,1,0,0,0,0,0,0,0,0,0,0,0,0,0,0,nuclear_mid,0.93,0,0,0,0,0,0,0,0,0,1,CA,0,0,0
CA_offshorewind_class10_moderate_floating_1_1,1,0,0,0,0,0,1,0,1,1,0,0,0,48009.008,-1,-1,0,0,0,200000.3086,0,0,57294.4,0,0,0,0,0,0,None,0,1,0,0,0,0,0,1,1,1,0,0,1,1,0,0,0,0,0,0,0,0,0,0,0,0,0,0,offshorewind_class10_moderate_floating_1_250,0.8,0,0,0,0,0,0,0,0,1,1,CA,1,0,0
NW_naturalgas_ccccsavgcf_conservative_0,2,1,0,0,0,0,0,0,0,1,0,0,0,-1,-1,-1,0,0,0,104764.6066,0,0,47800,0,0,3.76,0,0,0,None,6.878,377,109.61,0,0.2,4,4,1,1,1,0.5,0,1,1,0,0,0,0,0,0,0,0,0,0,0,0,0,0,naturalgas_ccccsavgcf_conservative,0,0.93,0,0,0,0,0,0,0,0,0,NW,0,0,0.97
NW_naturalgas_ccavgcf_moderate_0,2,1,0,0,0,0,0,0,0,1,0,0,0,-1,-1,-1,0,0,0,61092.34509,0,0,27800,0,0,1.85,0,0,0,None,6.159,573,68.93,0,0.2,4,4,1,1,1,0.3,0,1,1,0,0,0,0,0,0,0,0,0,0,0,0,0,0,naturalgas_ccavgcf_moderate,0,0.93,0,0,0,0,0,0,0,0,0,NW,0,0,0
NW_naturalgas_ctavgcf_moderate_0,2,1,0,0,0,0,0,0,0,1,0,0,0,-1,-1,-1,0,0,0,54786.1045,0,0,22800,0,0,6.94,0,0,0,None,9.717,237,158.2,0,0.19,0,0,1,1,1,0.25,0,1,1,0,0,0,0,0,0,0,0,0,0,0,0,0,0,naturalgas_ctavgcf_moderate,0,0.93,0,0,0,0,0,0,0,0,0,NW,0,0,0
NW_battery_moderate_0,2,0,0,1,0,0,0,0,0,1,0,0,0,-1,-1,-1,0,0,0,27078.79139,17135.62769,0,7075.764437,4477.587766,0,1,1,0,0,None,0,1,0,0,0,0,0,1,1,1,0,0,0.92,0.92,1,10,0,0,0,0,0,0,0,0,0,0,0,0,battery_moderate,0,0.95,0,0,0,0,0,0,0,0,0,NW,0,0,0
NW_nuclear_mid_0,2,1,0,0,0,0,0,0,0,1,0,0,0,-1,-1,-1,0,0,0,251167.2307,0,0,175000,0,0,2.8,0,0,10.497,NW_reference_uranium,0,1000,1130,0,0,36,36,0.25,0.25,1,0.3,0,1,1,0,0,0,0,0,0,0,0,0,0,0,0,0,0,nuclear_mid,0,0.93,0,0,0,0,0,0,0,0,1,NW,0,0,0
NW_offshorewind_class10_moderate_floating_1_1,2,0,0,0,0,0,1,0,1,1,0,0,0,13589.498,-1,-1,0,0,0,173310.4928,0,0,57294.4,0,0,0,0,0,0,None,0,1,0,0,0,0,0,1,1,1,0,0,1,1,0,0,0,0,0,0,0,0,0,0,0,0,0,0,offshorewind_class10_moderate_floating_1_250,0,0.8,0,0,0,0,0,0,0,1,1,NW,1,0,0
SW_naturalgas_ccccsavgcf_conservative_0,3,1,0,0,0,0,0,0,0,1,0,0,0,-1,-1,-1,0,0,0,94553.95289,0,0,47800,0,0,3.76,0,0,0,None,6.878,377,109.61,0,0.2,4,4,1,1,1,0.5,0,1,1,0,0,0,0,0,0,0,0,0,0,0,0,0,0,naturalgas_ccccsavgcf_conservative,0,0,0.93,0,0,0,0,0,0,0,0,SW,0,0,0.97
SW_naturalgas_ccavgcf_moderate_0,3,1,0,0,0,0,0,0,0,1,0,0,0,-1,-1,-1,0,0,0,54740.23581,0,0,27800,0,0,1.85,0,0,0,None,6.159,573,68.93,0,0.2,4,4,1,1,1,0.3,0,1,1,0,0,0,0,0,0,0,0,0,0,0,0,0,0,naturalgas_ccavgcf_moderate,0,0,0.93,0,0,0,0,0,0,0,0,SW,0,0,0
SW_naturalgas_ctavgcf_moderate_0,3,1,0,0,0,0,0,0,0,1,0,0,0,-1,-1,-1,0,0,0,47843.74317,0,0,22800,0,0,6.94,0,0,0,None,9.717,237,158.2,0,0.19,0,0,1,1,1,0.25,0,1,1,0,0,0,0,0,0,0,0,0,0,0,0,0,0,naturalgas_ctavgcf_moderate,0,0,0.93,0,0,0,0,0,0,0,0,SW,0,0,0
SW_battery_moderate_0,3,0,0,1,0,0,0,0,0,1,0,0,0,-1,-1,-1,0,0,0,26652.73417,16866.01603,0,7075.764437,4477.587766,0,1,1,0,0,None,0,1,0,0,0,0,0,1,1,1,0,0,0.92,0.92,1,10,0,0,0,0,0,0,0,0,0,0,0,0,battery_moderate,0,0,0.95,0,0,0,0,0,0,0,0,SW,0,0,0
SW_nuclear_mid_0,3,1,0,0,0,0,0,0,0,1,0,0,0,-1,-1,-1,0,0,0,235885.4851,0,0,175000,0,0,2.8,0,0,10.497,SW_reference_uranium,0,1000,1130,0,0,36,36,0.25,0.25,1,0.3,0,1,1,0,0,0,0,0,0,0,0,0,0,0,0,0,0,nuclear_mid,0,0,0.93,0,0,0,0,0,0,0,1,SW,0,0,0
TX_naturalgas_ccccsavgcf_conservative_0,4,1,0,0,0,0,0,0,0,1,0,0,0,-1,-1,-1,0,0,0,104049.6775,0,0,47800,0,0,3.76,0,0,0,None,6.878,377,109.61,0,0.2,4,4,1,1,1,0.5,0,1,1,0,0,0,0,0,0,0,0,0,0,0,0,0,0,naturalgas_ccccsavgcf_conservative,0,0,0,0.93,0,0,0,0,0,0,0,TX,0,0,0.97
TX_naturalgas_ccavgcf_moderate_0,4,1,0,0,0,0,0,0,0,1,0,0,0,-1,-1,-1,0,0,0,56712.29588,0,0,27800,0,0,1.85,0,0,0,None,6.159,573,68.93,0,0.2,4,4,1,1,1,0.3,0,1,1,0,0,0,0,0,0,0,0,0,0,0,0,0,0,naturalgas_ccavgcf_moderate,0,0,0,0.93,0,0,0,0,0,0,0,TX,0,0,0
TX_naturalgas_ctavgcf_moderate_0,4,1,0,0,0,0,0,0,0,1,0,0,0,-1,-1,-1,0,0,0,50613.25278,0,0,22800,0,0,6.94,0,0,0,None,9.717,237,158.2,0,0.19,0,0,1,1,1,0.25,0,1,1,0,0,0,0,0,0,0,0,0,0,0,0,0,0,naturalgas_ctavgcf_moderate,0,0,0,0.93,0,0,0,0,0,0,0,TX,0,0,0
TX_battery_moderate_0,4,0,0,1,0,0,0,0,0,1,0,0,0,-1,-1,-1,0,0,0,26512.17921,16777.07198,0,7075.764437,4477.587766,0,1,1,0,0,None,0,1,0,0,0,0,0,1,1,1,0,0,0.92,0.92,1,10,0,0,0,0,0,0,0,0,0,0,0,0,battery_moderate,0,0,0,0.95,0,0,0,0,0,0,0,TX,0,0,0
TX_nuclear_mid_0,4,1,0,0,0,0,0,0,0,1,0,0,0,-1,-1,-1,0,0,0,223875.6496,0,0,175000,0,0,2.8,0,0,10.497,TX_reference_uranium,0,1000,1130,0,0,36,36,0.25,0.25,1,0.3,0,1,1,0,0,0,0,0,0,0,0,0,0,0,0,0,0,nuclear_mid,0,0,0,0.93,0,0,0,0,0,0,1,TX,0,0,0
NCEN_naturalgas_ccccsavgcf_conservative_0,5,1,0,0,0,0,0,0,0,1,0,0,0,-1,-1,-1,0,0,0,111946.894,0,0,47800,0,0,3.76,0,0,0,None,6.878,377,109.61,0,0.2,4,4,1,1,1,0.5,0,1,1,0,0,0,0,0,0,0,0,0,0,0,0,0,0,naturalgas_ccccsavgcf_conservative,0,0,0,0,0.93,0,0,0,0,0,0,NCEN,0,0,0.97
NCEN_naturalgas_ccavgcf_moderate_0,5,1,0,0,0,0,0,0,0,1,0,0,0,-1,-1,-1,0,0,0,66585.05134,0,0,27800,0,0,1.85,0,0,0,None,6.159,573,68.93,0,0.2,4,4,1,1,1,0.3,0,1,1,0,0,0,0,0,0,0,0,0,0,0,0,0,0,naturalgas_ccavgcf_moderate,0,0,0,0,0.93,0,0,0,0,0,0,NCEN,0,0,0
NCEN_naturalgas_ctavgcf_moderate_0,5,1,0,0,0,0,0,0,0,1,0,0,0,-1,-1,-1,0,0,0,59787.95038,0,0,22800,0,0,6.94,0,0,0,None,9.717,237,158.2,0,0.19,0,0,1,1,1,0.25,0,1,1,0,0,0,0,0,0,0,0,0,0,0,0,0,0,naturalgas_ctavgcf_moderate,0,0,0,0,0.93,0,0,0,0,0,0,NCEN,0,0,0
NCEN_battery_moderate_0,5,0,0,1,0,0,0,0,0,1,0,0,0,-1,-1,-1,0,0,0,26470.01272,16750.38876,0,7075.764437,4477.587766,0,1,1,0,0,None,0,1,0,0,0,0,0,1,1,1,0,0,0.92,0.92,1,10,0,0,0,0,0,0,0,0,0,0,0,0,battery_moderate,0,0,0,0,0.95,0,0,0,0,0,0,NCEN,0,0,0
NCEN_nuclear_mid_0,5,1,0,0,0,0,0,0,0,1,0,0,0,-1,-1,-1,0,0,0,249111.7012,0,0,175000,0,0,2.8,0,0,10.497,NCEN_reference_uranium,0,1000,1130,0,0,36,36,0.25,0.25,1,0.3,0,1,1,0,0,0,0,0,0,0,0,0,0,0,0,0,0,nuclear_mid,0,0,0,0,0.93,0,0,0,0,0,1,NCEN,0,0,0
CEN_naturalgas_ccccsavgcf_conservative_0,6,1,0,0,0,0,0,0,0,1,0,0,0,-1,-1,-1,0,0,0,106029.4811,0,0,47800,0,0,3.76,0,0,0,None,6.878,377,109.61,0,0.2,4,4,1,1,1,0.5,0,1,1,0,0,0,0,0,0,0,0,0,0,0,0,0,0,naturalgas_ccccsavgcf_conservative,0,0,0,0,0,0.93,0,0,0,0,0,CEN,0,0,0.97
CEN_naturalgas_ccavgcf_moderate_0,6,1,0,0,0,0,0,0,0,1,0,0,0,-1,-1,-1,0,0,0,59772.10277,0,0,27800,0,0,1.85,0,0,0,None,6.159,573,68.93,0,0.2,4,4,1,1,1,0.3,0,1,1,0,0,0,0,0,0,0,0,0,0,0,0,0,0,naturalgas_ccavgcf_moderate,0,0,0,0,0,0.93,0,0,0,0,0,CEN,0,0,0
CEN_naturalgas_ctavgcf_moderate_0,6,1,0,0,0,0,0,0,0,1,0,0,0,-1,-1,-1,0,0,0,53631.83238,0,0,22800,0,0,6.94,0,0,0,None,9.717,237,158.2,0,0.19,0,0,1,1,1,0.25,0,1,1,0,0,0,0,0,0,0,0,0,0,0,0,0,0,naturalgas_ctavgcf_moderate,0,0,0,0,0,0.93,0,0,0,0,0,CEN,0,0,0
CEN_battery_moderate_0,6,0,0,1,0,0,0,0,0,1,0,0,0,-1,-1,-1,0,0,0,26580.69975,16820.43221,0,7075.764437,4477.587766,0,1,1,0,0,None,0,1,0,0,0,0,0,1,1,1,0,0,0.92,0.92,1,10,0,0,0,0,0,0,0,0,0,0,0,0,battery_moderate,0,0,0,0,0,0.95,0,0,0,0,0,CEN,0,0,0
CEN_nuclear_mid_0,6,1,0,0,0,0,0,0,0,1,0,0,0,-1,-1,-1,0,0,0,236559.1136,0,0,175000,0,0,2.8,0,0,10.497,CEN_reference_uranium,0,1000,1130,0,0,36,36,0.25,0.25,1,0.3,0,1,1,0,0,0,0,0,0,0,0,0,0,0,0,0,0,nuclear_mid,0,0,0,0,0,0.93,0,0,0,0,1,CEN,0,0,0
SE_naturalgas_ccccsavgcf_conservative_0,7,1,0,0,0,0,0,0,0,1,0,0,0,-1,-1,-1,0,0,0,105122.0711,0,0,47800,0,0,3.76,0,0,0,None,6.878,377,109.61,0,0.2,4,4,1,1,1,0.5,0,1,1,0,0,0,0,0,0,0,0,0,0,0,0,0,0,naturalgas_ccccsavgcf_conservative,0,0,0,0,0,0,0.93,0,0,0,0,SE,0,0,0.97
SE_naturalgas_ccavgcf_moderate_0,7,1,0,0,0,0,0,0,0,1,0,0,0,-1,-1,-1,0,0,0,57692.09836,0,0,27800,0,0,1.85,0,0,0,None,6.159,573,68.93,0,0.2,4,4,1,1,1,0.3,0,1,1,0,0,0,0,0,0,0,0,0,0,0,0,0,0,naturalgas_ccavgcf_moderate,0,0,0,0,0,0,0.93,0,0,0,0,SE,0,0,0
SE_naturalgas_ctavgcf_moderate_0,7,1,0,0,0,0,0,0,0,1,0,0,0,-1,-1,-1,0,0,0,51669.01214,0,0,22800,0,0,6.94,0,0,0,None,9.717,237,158.2,0,0.19,0,0,1,1,1,0.25,0,1,1,0,0,0,0,0,0,0,0,0,0,0,0,0,0,naturalgas_ctavgcf_moderate,0,0,0,0,0,0,0.93,0,0,0,0,SE,0,0,0
SE_battery_moderate_0,7,0,0,1,0,0,0,0,0,1,0,0,0,-1,-1,-1,0,0,0,26886.40679,17013.88552,0,7075.764437,4477.587766,0,1,1,0,0,None,0,1,0,0,0,0,0,1,1,1,0,0,0.92,0.92,1,10,0,0,0,0,0,0,0,0,0,0,0,0,battery_moderate,0,0,0,0,0,0,0.95,0,0,0,0,SE,0,0,0
SE_nuclear_mid_0,7,1,0,0,0,0,0,0,0,1,0,0,0,-1,-1,-1,0,0,0,231096.9481,0,0,175000,0,0,2.8,0,0,10.497,SE_reference_uranium,0,1000,1130,0,0,36,36,0.25,0.25,1,0.3,0,1,1,0,0,0,0,0,0,0,0,0,0,0,0,0,0,nuclear_mid,0,0,0,0,0,0,0.93,0,0,0,1,SE,0,0,0
MIDAT_naturalgas_ccccsavgcf_conservative_0,8,1,0,0,0,0,0,0,0,1,0,0,0,-1,-1,-1,0,0,0,111088.9792,0,0,47800,0,0,3.76,0,0,0,None,6.878,377,109.61,0,0.2,4,4,1,1,1,0.5,0,1,1,0,0,0,0,0,0,0,0,0,0,0,0,0,0,naturalgas_ccccsavgcf_conservative,0,0,0,0,0,0,0,0.93,0,0,0,MIDAT,0,0,0.97
MIDAT_naturalgas_ccavgcf_moderate_0,8,1,0,0,0,0,0,0,0,1,0,0,0,-1,-1,-1,0,0,0,67880.38343,0,0,27800,0,0,1.85,0,0,0,None,6.159,573,68.93,0,0.2,4,4,1,1,1,0.3,0,1,1,0,0,0,0,0,0,0,0,0,0,0,0,0,0,naturalgas_ccavgcf_moderate,0,0,0,0,0,0,0,0.93,0,0,0,MIDAT,0,0,0
MIDAT_naturalgas_ctavgcf_moderate_0,8,1,0,0,0,0,0,0,0,1,0,0,0,-1,-1,-1,0,0,0,57602.08239,0,0,22800,0,0,6.94,0,0,0,None,9.717,237,158.2,0,0.19,0,0,1,1,1,0.25,0,1,1,0,0,0,0,0,0,0,0,0,0,0,0,0,0,naturalgas_ctavgcf_moderate,0,0,0,0,0,0,0,0.93,0,0,0,MIDAT,0,0,0
MIDAT_battery_moderate_0,8,0,0,1,0,0,0,0,0,1,0,0,0,-1,-1,-1,0,0,0,26406.76299,16710.36394,0,7075.764437,4477.587766,0,1,1,0,0,None,0,1,0,0,0,0,0,1,1,1,0,0,0.92,0.92,1,10,0,0,0,0,0,0,0,0,0,0,0,0,battery_moderate,0,0,0,0,0,0,0,0.95,0,0,0,MIDAT,0,0,0
MIDAT_nuclear_mid_0,8,1,0,0,0,0,0,0,0,1,0,0,0,-1,-1,-1,0,0,0,238887.9439,0,0,175000,0,0,2.8,0,0,10.497,MIDAT_reference_uranium,0,1000,1130,0,0,36,36,0.25,0.25,1,0.3,0,1,1,0,0,0,0,0,0,0,0,0,0,0,0,0,0,nuclear_mid,0,0,0,0,0,0,0,0.93,0,0,1,MIDAT,0,0,0
NE_naturalgas_ccccsavgcf_conservative_0,9,1,0,0,0,0,0,0,0,1,0,0,0,-1,-1,-1,0,0,0,121097.9862,0,0,47800,0,0,3.76,0,0,0,None,6.878,377,109.61,0,0.2,4,4,1,1,1,0.5,0,1,1,0,0,0,0,0,0,0,0,0,0,0,0,0,0,naturalgas_ccccsavgcf_conservative,0,0,0,0,0,0,0,0,0.93,0,0,NE,0,0,0.97
NE_naturalgas_ccavgcf_moderate_0,9,1,0,0,0,0,0,0,0,1,0,0,0,-1,-1,-1,0,0,0,82535.90352,0,0,27800,0,0,1.85,0,0,0,None,6.159,573,68.93,0,0.2,4,4,1,1,1,0.3,0,1,1,0,0,0,0,0,0,0,0,0,0,0,0,0,0,naturalgas_ccavgcf_moderate,0,0,0,0,0,0,0,0,0.93,0,0,NE,0,0,0
NE_naturalgas_ctavgcf_moderate_0,9,1,0,0,0,0,0,0,0,1,0,0,0,-1,-1,-1,0,0,0,68234.02532,0,0,22800,0,0,6.94,0,0,0,None,9.717,237,158.2,0,0.19,0,0,1,1,1,0.25,0,1,1,0,0,0,0,0,0,0,0,0,0,0,0,0,0,naturalgas_ctavgcf_moderate,0,0,0,0,0,0,0,0,0.93,0,0,NE,0,0,0
NE_battery_moderate_0,9,0,0,1,0,0,0,0,0,1,0,0,0,-1,-1,-1,0,0,0,26889.92066,17016.10912,0,7075.764437,4477.587766,0,1,1,0,0,None,0,1,0,0,0,0,0,1,1,1,0,0,0.92,0.92,1,10,0,0,0,0,0,0,0,0,0,0,0,0,battery_moderate,0,0,0,0,0,0,0,0,0.95,0,0,NE,0,0,0
NE_nuclear_mid_0,9,1,0,0,0,0,0,0,0,1,0,0,0,-1,-1,-1,0,0,0,274224.575,0,0,175000,0,0,2.8,0,0,10.497,NE_reference_uranium,0,1000,1130,0,0,36,36,0.25,0.25,1,0.3,0,1,1,0,0,0,0,0,0,0,0,0,0,0,0,0,0,nuclear_mid,0,0,0,0,0,0,0,0,0.93,0,1,NE,0,0,0
NE_offshorewind_class10_moderate_floating_1_1,9,0,0,0,0,0,1,0,1,1,0,0,0,32928.493,-1,-1,0,0,0,173830.4242,0,0,57294.4,0,0,0,0,0,0,None,0,1,0,0,0,0,0,1,1,1,0,0,1,1,0,0,0,0,0,0,0,0,0,0,0,0,0,0,offshorewind_class10_moderate_floating_1_250,0,0,0,0,0,0,0,0,0.8,1,1,NE,1,0,0
CA_utilitypv_class1_moderate_70_0_2_1,1,0,0,0,0,0,1,0,1,1,0,0,0,3668347,-1,-1,0,0,0,47430.53217,0,0,13510.19684,0,0,0,0,0,0,None,0,1,0,0,0,0,0,1,1,1,0,0,1,1,0,0,0,0,0,0,0,0,0,0,0,0,0,0,utilitypv_class1_moderate_70_0_2,0.8,0,0,0,0,0,0,0,0,1,1,CA,1,0,0
CA_utilitypv_class1_moderate_70_0_2_2,1,0,0,0,0,0,1,0,1,1,0,0,0,1691971,-1,-1,0,0,0,54882.1333,0,0,13510.19684,0,0,0,0,0,0,None,0,1,0,0,0,0,0,1,1,1,0,0,1,1,0,0,0,0,0,0,0,0,0,0,0,0,0,0,utilitypv_class1_moderate_70_0_2,0.8,0,0,0,0,0,0,0,0,1,1,CA,2,0,0
CA_utilitypv_class1_moderate_70_0_2_3,1,0,0,0,0,0,1,0,1,1,0,0,0,593022,-1,-1,0,0,0,64922.29724,0,0,13510.19684,0,0,0,0,0,0,None,0,1,0,0,0,0,0,1,1,1,0,0,1,1,0,0,0,0,0,0,0,0,0,0,0,0,0,0,utilitypv_class1_moderate_70_0_2,0.8,0,0,0,0,0,0,0,0,1,1,CA,3,0,0
NW_utilitypv_class1_moderate_70_0_2_1,2,0,0,0,0,0,1,0,1,1,0,0,0,1757921,-1,-1,0,0,0,48145.22394,0,0,13510.19684,0,0,0,0,0,0,None,0,1,0,0,0,0,0,1,1,1,0,0,1,1,0,0,0,0,0,0,0,0,0,0,0,0,0,0,utilitypv_class1_moderate_70_0_3,0,0.8,0,0,0,0,0,0,0,1,1,NW,1,0,0
NW_utilitypv_class1_moderate_70_0_2_2,2,0,0,0,0,0,1,0,1,1,0,0,0,3493562,-1,-1,0,0,0,52683.91491,0,0,13510.19684,0,0,0,0,0,0,None,0,1,0,0,0,0,0,1,1,1,0,0,1,1,0,0,0,0,0,0,0,0,0,0,0,0,0,0,utilitypv_class1_moderate_70_0_4,0,0.8,0,0,0,0,0,0,0,1,1,NW,2,0,0
NW_utilitypv_class1_moderate_70_0_2_3,2,0,0,0,0,0,1,0,1,1,0,0,0,1836634,-1,-1,0,0,0,48397.81249,0,0,13510.19684,0,0,0,0,0,0,None,0,1,0,0,0,0,0,1,1,1,0,0,1,1,0,0,0,0,0,0,0,0,0,0,0,0,0,0,utilitypv_class1_moderate_70_0_5,0,0.8,0,0,0,0,0,0,0,1,1,NW,3,0,0
NW_utilitypv_class1_moderate_70_0_2_4,2,0,0,0,0,0,1,0,1,1,0,0,0,1824415,-1,-1,0,0,0,45556.60239,0,0,13510.19684,0,0,0,0,0,0,None,0,1,0,0,0,0,0,1,1,1,0,0,1,1,0,0,0,0,0,0,0,0,0,0,0,0,0,0,utilitypv_class1_moderate_70_0_6,0,0.8,0,0,0,0,0,0,0,1,1,NW,4,0,0
SW_utilitypv_class1_moderate_70_0_2_1,3,0,0,0,0,0,1,0,1,1,0,0,0,2517144,-1,-1,0,0,0,44466.41832,0,0,13510.19684,0,0,0,0,0,0,None,0,1,0,0,0,0,0,1,1,1,0,0,1,1,0,0,0,0,0,0,0,0,0,0,0,0,0,0,utilitypv_class1_moderate_70_0_15,0,0,0.8,0,0,0,0,0,0,1,1,SW,1,0,0
SW_utilitypv_class1_moderate_70_0_2_2,3,0,0,0,0,0,1,0,1,1,0,0,0,1785854,-1,-1,0,0,0,45943.53557,0,0,13510.19684,0,0,0,0,0,0,None,0,1,0,0,0,0,0,1,1,1,0,0,1,1,0,0,0,0,0,0,0,0,0,0,0,0,0,0,utilitypv_class1_moderate_70_0_16,0,0,0.8,0,0,0,0,0,0,1,1,SW,2,0,0
SW_utilitypv_class1_moderate_70_0_2_3,3,0,0,0,0,0,1,0,1,1,0,0,0,2406664,-1,-1,0,0,0,48731.40403,0,0,13510.19684,0,0,0,0,0,0,None,0,1,0,0,0,0,0,1,1,1,0,0,1,1,0,0,0,0,0,0,0,0,0,0,0,0,0,0,utilitypv_class1_moderate_70_0_17,0,0,0.8,0,0,0,0,0,0,1,1,SW,3,0,0
SW_utilitypv_class1_moderate_70_0_2_4,3,0,0,0,0,0,1,0,1,1,0,0,0,1513710,-1,-1,0,0,0,52841.20557,0,0,13510.19684,0,0,0,0,0,0,None,0,1,0,0,0,0,0,1,1,1,0,0,1,1,0,0,0,0,0,0,0,0,0,0,0,0,0,0,utilitypv_class1_moderate_70_0_18,0,0,0.8,0,0,0,0,0,0,1,1,SW,4,0,0
SW_utilitypv_class1_moderate_70_0_2_5,3,0,0,0,0,0,1,0,1,1,0,0,0,1180153,-1,-1,0,0,0,48379.93428,0,0,13510.19684,0,0,0,0,0,0,None,0,1,0,0,0,0,0,1,1,1,0,0,1,1,0,0,0,0,0,0,0,0,0,0,0,0,0,0,utilitypv_class1_moderate_70_0_19,0,0,0.8,0,0,0,0,0,0,1,1,SW,5,0,0
TX_utilitypv_class1_moderate_70_0_2_1,4,0,0,0,0,0,1,0,1,1,0,0,0,5850032,-1,-1,0,0,0,44630.57315,0,0,13510.19684,0,0,0,0,0,0,None,0,1,0,0,0,0,0,1,1,1,0,0,1,1,0,0,0,0,0,0,0,0,0,0,0,0,0,0,utilitypv_class1_moderate_70_0_20,0,0,0,0.8,0,0,0,0,0,1,1,TX,1,0,0
TX_utilitypv_class1_moderate_70_0_2_2,4,0,0,0,0,0,1,0,1,1,0,0,0,9121025,-1,-1,0,0,0,48015.48786,0,0,13510.19684,0,0,0,0,0,0,None,0,1,0,0,0,0,0,1,1,1,0,0,1,1,0,0,0,0,0,0,0,0,0,0,0,0,0,0,utilitypv_class1_moderate_70_0_20,0,0,0,0.8,0,0,0,0,0,1,1,TX,2,0,0
TX_utilitypv_class1_moderate_70_0_2_3,4,0,0,0,0,0,1,0,1,1,0,0,0,3201390,-1,-1,0,0,0,59439.4052,0,0,13510.19684,0,0,0,0,0,0,None,0,1,0,0,0,0,0,1,1,1,0,0,1,1,0,0,0,0,0,0,0,0,0,0,0,0,0,0,utilitypv_class1_moderate_70_0_20,0,0,0,0.8,0,0,0,0,0,1,1,TX,3,0,0
NCEN_utilitypv_class1_moderate_70_0_2_1,5,0,0,0,0,0,1,0,1,1,0,0,0,1268682,-1,-1,0,0,0,43983.21581,0,0,13510.19684,0,0,0,0,0,0,None,0,1,0,0,0,0,0,1,1,1,0,0,1,1,0,0,0,0,0,0,0,0,0,0,0,0,0,0,utilitypv_class1_moderate_70_0_2,0,0,0,0,0.8,0,0,0,0,1,1,NCEN,1,0,0
NCEN_utilitypv_class1_moderate_70_0_2_2,5,0,0,0,0,0,1,0,1,1,0,0,0,1585256,-1,-1,0,0,0,43081.2739,0,0,13510.19684,0,0,0,0,0,0,None,0,1,0,0,0,0,0,1,1,1,0,0,1,1,0,0,0,0,0,0,0,0,0,0,0,0,0,0,utilitypv_class1_moderate_70_0_2,0,0,0,0,0.8,0,0,0,0,1,1,NCEN,2,0,0
NCEN_utilitypv_class1_moderate_70_0_2_3,5,0,0,0,0,0,1,0,1,1,0,0,0,662394,-1,-1,0,0,0,41333.47927,0,0,13510.19684,0,0,0,0,0,0,None,0,1,0,0,0,0,0,1,1,1,0,0,1,1,0,0,0,0,0,0,0,0,0,0,0,0,0,0,utilitypv_class1_moderate_70_0_2,0,0,0,0,0.8,0,0,0,0,1,1,NCEN,3,0,0
NCEN_utilitypv_class1_moderate_70_0_2_4,5,0,0,0,0,0,1,0,1,1,0,0,0,1897411,-1,-1,0,0,0,44769.70912,0,0,13510.19684,0,0,0,0,0,0,None,0,1,0,0,0,0,0,1,1,1,0,0,1,1,0,0,0,0,0,0,0,0,0,0,0,0,0,0,utilitypv_class1_moderate_70_0_2,0,0,0,0,0.8,0,0,0,0,1,1,NCEN,4,0,0
NCEN_utilitypv_class1_moderate_70_0_2_5,5,0,0,0,0,0,1,0,1,1,0,0,0,2020595,-1,-1,0,0,0,46307.80828,0,0,13510.19684,0,0,0,0,0,0,None,0,1,0,0,0,0,0,1,1,1,0,0,1,1,0,0,0,0,0,0,0,0,0,0,0,0,0,0,utilitypv_class1_moderate_70_0_2,0,0,0,0,0.8,0,0,0,0,1,1,NCEN,5,0,0
NCEN_utilitypv_class1_moderate_70_0_2_6,5,0,0,0,0,0,1,0,1,1,0,0,0,1648015,-1,-1,0,0,0,48995.51715,0,0,13510.19684,0,0,0,0,0,0,None,0,1,0,0,0,0,0,1,1,1,0,0,1,1,0,0,0,0,0,0,0,0,0,0,0,0,0,0,utilitypv_class1_moderate_70_0_2,0,0,0,0,0.8,0,0,0,0,1,1,NCEN,6,0,0
NCEN_utilitypv_class1_moderate_70_0_2_7,5,0,0,0,0,0,1,0,1,1,0,0,0,1825707,-1,-1,0,0,0,44713.64753,0,0,13510.19684,0,0,0,0,0,0,None,0,1,0,0,0,0,0,1,1,1,0,0,1,1,0,0,0,0,0,0,0,0,0,0,0,0,0,0,utilitypv_class1_moderate_70_0_2,0,0,0,0,0.8,0,0,0,0,1,1,NCEN,7,0,0
CEN_utilitypv_class1_moderate_70_0_2_1,6,0,0,0,0,0,1,0,1,1,0,0,0,2622112,-1,-1,0,0,0,47231.79497,0,0,13510.19684,0,0,0,0,0,0,None,0,1,0,0,0,0,0,1,1,1,0,0,1,1,0,0,0,0,0,0,0,0,0,0,0,0,0,0,utilitypv_class1_moderate_70_0_2,0,0,0,0,0,0.8,0,0,0,1,1,CEN,1,0,0
CEN_utilitypv_class1_moderate_70_0_2_2,6,0,0,0,0,0,1,0,1,1,0,0,0,723601,-1,-1,0,0,0,40465.90588,0,0,13510.19684,0,0,0,0,0,0,None,0,1,0,0,0,0,0,1,1,1,0,0,1,1,0,0,0,0,0,0,0,0,0,0,0,0,0,0,utilitypv_class1_moderate_70_0_2,0,0,0,0,0,0.8,0,0,0,1,1,CEN,2,0,0
CEN_utilitypv_class1_moderate_70_0_2_3,6,0,0,0,0,0,1,0,1,1,0,0,0,1998659,-1,-1,0,0,0,43624.63334,0,0,13510.19684,0,0,0,0,0,0,None,0,1,0,0,0,0,0,1,1,1,0,0,1,1,0,0,0,0,0,0,0,0,0,0,0,0,0,0,utilitypv_class1_moderate_70_0_2,0,0,0,0,0,0.8,0,0,0,1,1,CEN,3,0,0
CEN_utilitypv_class1_moderate_70_0_2_4,6,0,0,0,0,0,1,0,1,1,0,0,0,2234035,-1,-1,0,0,0,46392.53713,0,0,13510.19684,0,0,0,0,0,0,None,0,1,0,0,0,0,0,1,1,1,0,0,1,1,0,0,0,0,0,0,0,0,0,0,0,0,0,0,utilitypv_class1_moderate_70_0_2,0,0,0,0,0,0.8,0,0,0,1,1,CEN,4,0,0
CEN_utilitypv_class1_moderate_70_0_2_5,6,0,0,0,0,0,1,0,1,1,0,0,0,1442095,-1,-1,0,0,0,48347.31794,0,0,13510.19684,0,0,0,0,0,0,None,0,1,0,0,0,0,0,1,1,1,0,0,1,1,0,0,0,0,0,0,0,0,0,0,0,0,0,0,utilitypv_class1_moderate_70_0_2,0,0,0,0,0,0.8,0,0,0,1,1,CEN,5,0,0
SE_utilitypv_class1_moderate_70_0_2_1,7,0,0,0,0,0,1,0,1,1,0,0,0,1041244,-1,-1,0,0,0,40649.03073,0,0,13510.19684,0,0,0,0,0,0,None,0,1,0,0,0,0,0,1,1,1,0,0,1,1,0,0,0,0,0,0,0,0,0,0,0,0,0,0,utilitypv_class1_moderate_70_0_7,0,0,0,0,0,0,0.8,0,0,1,1,SE,1,0,0
SE_utilitypv_class1_moderate_70_0_2_2,7,0,0,0,0,0,1,0,1,1,0,0,0,890062,-1,-1,0,0,0,39383.65331,0,0,13510.19684,0,0,0,0,0,0,None,0,1,0,0,0,0,0,1,1,1,0,0,1,1,0,0,0,0,0,0,0,0,0,0,0,0,0,0,utilitypv_class1_moderate_70_0_8,0,0,0,0,0,0,0.8,0,0,1,1,SE,2,0,0
SE_utilitypv_class1_moderate_70_0_2_3,7,0,0,0,0,0,1,0,1,1,0,0,0,1238552,-1,-1,0,0,0,40720.18482,0,0,13510.19684,0,0,0,0,0,0,None,0,1,0,0,0,0,0,1,1,1,0,0,1,1,0,0,0,0,0,0,0,0,0,0,0,0,0,0,utilitypv_class1_moderate_70_0_9,0,0,0,0,0,0,0.8,0,0,1,1,SE,3,0,0
SE_utilitypv_class1_moderate_70_0_2_4,7,0,0,0,0,0,1,0,1,1,0,0,0,1039859,-1,-1,0,0,0,42820.55885,0,0,13510.19684,0,0,0,0,0,0,None,0,1,0,0,0,0,0,1,1,1,0,0,1,1,0,0,0,0,0,0,0,0,0,0,0,0,0,0,utilitypv_class1_moderate_70_0_10,0,0,0,0,0,0,0.8,0,0,1,1,SE,4,0,0
SE_utilitypv_class1_moderate_70_0_2_5,7,0,0,0,0,0,1,0,1,1,0,0,0,955445,-1,-1,0,0,0,42551.95547,0,0,13510.19684,0,0,0,0,0,0,None,0,1,0,0,0,0,0,1,1,1,0,0,1,1,0,0,0,0,0,0,0,0,0,0,0,0,0,0,utilitypv_class1_moderate_70_0_11,0,0,0,0,0,0,0.8,0,0,1,1,SE,5,0,0
SE_utilitypv_class1_moderate_70_0_2_6,7,0,0,0,0,0,1,0,1,1,0,0,0,1729874,-1,-1,0,0,0,40680.27197,0,0,13510.19684,0,0,0,0,0,0,None,0,1,0,0,0,0,0,1,1,1,0,0,1,1,0,0,0,0,0,0,0,0,0,0,0,0,0,0,utilitypv_class1_moderate_70_0_12,0,0,0,0,0,0,0.8,0,0,1,1,SE,6,0,0
SE_utilitypv_class1_moderate_70_0_2_7,7,0,0,0,0,0,1,0,1,1,0,0,0,618334,-1,-1,0,0,0,39896.03932,0,0,13510.19684,0,0,0,0,0,0,None,0,1,0,0,0,0,0,1,1,1,0,0,1,1,0,0,0,0,0,0,0,0,0,0,0,0,0,0,utilitypv_class1_moderate_70_0_13,0,0,0,0,0,0,0.8,0,0,1,1,SE,7,0,0
SE_utilitypv_class1_moderate_70_0_2_8,7,0,0,0,0,0,1,0,1,1,0,0,0,989513,-1,-1,0,0,0,41245.37889,0,0,13510.19684,0,0,0,0,0,0,None,0,1,0,0,0,0,0,1,1,1,0,0,1,1,0,0,0,0,0,0,0,0,0,0,0,0,0,0,utilitypv_class1_moderate_70_0_14,0,0,0,0,0,0,0.8,0,0,1,1,SE,8,0,0
MIDAT_utilitypv_class1_moderate_70_0_2_1,8,0,0,0,0,0,1,0,1,1,0,0,0,26783,-1,-1,0,0,0,41179.38174,0,0,13510.19684,0,0,0,0,0,0,None,0,1,0,0,0,0,0,1,1,1,0,0,1,1,0,0,0,0,0,0,0,0,0,0,0,0,0,0,utilitypv_class1_moderate_70_0_2,0,0,0,0,0,0,0,0.8,0,1,1,MIDAT,1,0,0
MIDAT_utilitypv_class1_moderate_70_0_2_2,8,0,0,0,0,0,1,0,1,1,0,0,0,288617,-1,-1,0,0,0,41016.27415,0,0,13510.19684,0,0,0,0,0,0,None,0,1,0,0,0,0,0,1,1,1,0,0,1,1,0,0,0,0,0,0,0,0,0,0,0,0,0,0,utilitypv_class1_moderate_70_0_2,0,0,0,0,0,0,0,0.8,0,1,1,MIDAT,2,0,0
MIDAT_utilitypv_class1_moderate_70_0_2_3,8,0,0,0,0,0,1,0,1,1,0,0,0,115699,-1,-1,0,0,0,40242.3086,0,0,13510.19684,0,0,0,0,0,0,None,0,1,0,0,0,0,0,1,1,1,0,0,1,1,0,0,0,0,0,0,0,0,0,0,0,0,0,0,utilitypv_class1_moderate_70_0_2,0,0,0,0,0,0,0,0.8,0,1,1,MIDAT,3,0,0
MIDAT_utilitypv_class1_moderate_70_0_2_4,8,0,0,0,0,0,1,0,1,1,0,0,0,996252,-1,-1,0,0,0,41350.78566,0,0,13510.19684,0,0,0,0,0,0,None,0,1,0,0,0,0,0,1,1,1,0,0,1,1,0,0,0,0,0,0,0,0,0,0,0,0,0,0,utilitypv_class1_moderate_70_0_2,0,0,0,0,0,0,0,0.8,0,1,1,MIDAT,4,0,0
MIDAT_utilitypv_class1_moderate_70_0_2_5,8,0,0,0,0,0,1,0,1,1,0,0,0,1212132,-1,-1,0,0,0,41176.87277,0,0,13510.19684,0,0,0,0,0,0,None,0,1,0,0,0,0,0,1,1,1,0,0,1,1,0,0,0,0,0,0,0,0,0,0,0,0,0,0,utilitypv_class1_moderate_70_0_2,0,0,0,0,0,0,0,0.8,0,1,1,MIDAT,5,0,0
MIDAT_utilitypv_class1_moderate_70_0_2_6,8,0,0,0,0,0,1,0,1,1,0,0,0,1080112,-1,-1,0,0,0,41746.9133,0,0,13510.19684,0,0,0,0,0,0,None,0,1,0,0,0,0,0,1,1,1,0,0,1,1,0,0,0,0,0,0,0,0,0,0,0,0,0,0,utilitypv_class1_moderate_70_0_2,0,0,0,0,0,0,0,0.8,0,1,1,MIDAT,6,0,0
MIDAT_utilitypv_class1_moderate_70_0_2_7,8,0,0,0,0,0,1,0,1,1,0,0,0,608258,-1,-1,0,0,0,43028.1307,0,0,13510.19684,0,0,0,0,0,0,None,0,1,0,0,0,0,0,1,1,1,0,0,1,1,0,0,0,0,0,0,0,0,0,0,0,0,0,0,utilitypv_class1_moderate_70_0_2,0,0,0,0,0,0,0,0.8,0,1,1,MIDAT,7,0,0
NE_utilitypv_class1_moderate_70_0_2_1,9,0,0,0,0,0,1,0,1,1,0,0,0,156573,-1,-1,0,0,0,43445.847,0,0,13510.19684,0,0,0,0,0,0,None,0,1,0,0,0,0,0,1,1,1,0,0,1,1,0,0,0,0,0,0,0,0,0,0,0,0,0,0,utilitypv_class1_moderate_70_0_2,0,0,0,0,0,0,0,0,0.8,1,1,NE,1,0,0
NE_utilitypv_class1_moderate_70_0_2_2,9,0,0,0,0,0,1,0,1,1,0,0,0,141382,-1,-1,0,0,0,43474.3934,0,0,13510.19684,0,0,0,0,0,0,None,0,1,0,0,0,0,0,1,1,1,0,0,1,1,0,0,0,0,0,0,0,0,0,0,0,0,0,0,utilitypv_class1_moderate_70_0_2,0,0,0,0,0,0,0,0,0.8,1,1,NE,2,0,0
NE_utilitypv_class1_moderate_70_0_2_3,9,0,0,0,0,0,1,0,1,1,0,0,0,894093,-1,-1,0,0,0,48886.47247,0,0,13510.19684,0,0,0,0,0,0,None,0,1,0,0,0,0,0,1,1,1,0,0,1,1,0,0,0,0,0,0,0,0,0,0,0,0,0,0,utilitypv_class1_moderate_70_0_2,0,0,0,0,0,0,0,0,0.8,1,1,NE,3,0,0
NE_utilitypv_class1_moderate_70_0_2_4,9,0,0,0,0,0,1,0,1,1,0,0,0,301180,-1,-1,0,0,0,47324.48871,0,0,13510.19684,0,0,0,0,0,0,None,0,1,0,0,0,0,0,1,1,1,0,0,1,1,0,0,0,0,0,0,0,0,0,0,0,0,0,0,utilitypv_class1_moderate_70_0_2,0,0,0,0,0,0,0,0,0.8,1,1,NE,4,0,0
NE_utilitypv_class1_moderate_70_0_2_5,9,0,0,0,0,0,1,0,1,1,0,0,0,996252,-1,-1,0,0,0,45284.8639,0,0,13510.19684,0,0,0,0,0,0,None,0,1,0,0,0,0,0,1,1,1,0,0,1,1,0,0,0,0,0,0,0,0,0,0,0,0,0,0,utilitypv_class1_moderate_70_0_2,0,0,0,0,0,0,0,0,0.8,1,1,NE,5,0,0
NE_utilitypv_class1_moderate_70_0_2_6,9,0,0,0,0,0,1,0,1,1,0,0,0,14823,-1,-1,0,0,0,43252.63671,0,0,13510.19684,0,0,0,0,0,0,None,0,1,0,0,0,0,0,1,1,1,0,0,1,1,0,0,0,0,0,0,0,0,0,0,0,0,0,0,utilitypv_class1_moderate_70_0_2,0,0,0,0,0,0,0,0,0.8,1,1,NE,6,0,0
NE_utilitypv_class1_moderate_70_0_2_7,9,0,0,0,0,0,1,0,1,1,0,0,0,233816,-1,-1,0,0,0,51642.1947,0,0,13510.19684,0,0,0,0,0,0,None,0,1,0,0,0,0,0,1,1,1,0,0,1,1,0,0,0,0,0,0,0,0,0,0,0,0,0,0,utilitypv_class1_moderate_70_0_2,0,0,0,0,0,0,0,0,0.8,1,1,NE,7,0,0
CA_landbasedwind_class4_moderate_70_1,1,0,0,0,0,0,1,0,1,1,0,0,0,245191,-1,-1,0,0,0,128546.4046,0,0,26256.10757,0,0,0,0,0,0,None,0,1,0,0,0,0,0,1,1,1,0,0,1,1,0,0,0,0,0,0,0,0,0,0,0,0,0,0,landbasedwind_class4_moderate_70,0.8,0,0,0,0,0,0,0,0,1,1,CA,1,0,0
CA_landbasedwind_class4_moderate_70_2,1,0,0,0,0,0,1,0,1,1,0,0,0,80261,-1,-1,0,0,0,127592.1646,0,0,26256.10757,0,0,0,0,0,0,None,0,1,0,0,0,0,0,1,1,1,0,0,1,1,0,0,0,0,0,0,0,0,0,0,0,0,0,0,landbasedwind_class4_moderate_70,0.8,0,0,0,0,0,0,0,0,1,1,CA,2,0,0
CA_landbasedwind_class4_moderate_70_3,1,0,0,0,0,0,1,0,1,1,0,0,0,14538,-1,-1,0,0,0,122552.1646,0,0,26256.10757,0,0,0,0,0,0,None,0,1,0,0,0,0,0,1,1,1,0,0,1,1,0,0,0,0,0,0,0,0,0,0,0,0,0,0,landbasedwind_class4_moderate_70,0.8,0,0,0,0,0,0,0,0,1,1,CA,3,0,0
NW_landbasedwind_class4_moderate_70_1,2,0,0,0,0,0,1,0,1,1,0,0,0,119133,-1,-1,0,0,0,81857.96322,0,0,26256.10757,0,0,0,0,0,0,None,0,1,0,0,0,0,0,1,1,1,0,0,1,1,0,0,0,0,0,0,0,0,0,0,0,0,0,0,landbasedwind_class4_moderate_75,0,0.8,0,0,0,0,0,0,0,1,1,NW,1,0,0
NW_landbasedwind_class4_moderate_70_2,2,0,0,0,0,0,1,0,1,1,0,0,0,353546,-1,-1,0,0,0,95706.76322,0,0,26256.10757,0,0,0,0,0,0,None,0,1,0,0,0,0,0,1,1,1,0,0,1,1,0,0,0,0,0,0,0,0,0,0,0,0,0,0,landbasedwind_class4_moderate_76,0,0.8,0,0,0,0,0,0,0,1,1,NW,2,0,0
NW_landbasedwind_class4_moderate_70_3,2,0,0,0,0,0,1,0,1,1,0,0,0,175710,-1,-1,0,0,0,83632.04322,0,0,26256.10757,0,0,0,0,0,0,None,0,1,0,0,0,0,0,1,1,1,0,0,1,1,0,0,0,0,0,0,0,0,0,0,0,0,0,0,landbasedwind_class4_moderate_77,0,0.8,0,0,0,0,0,0,0,1,1,NW,3,0,0
NW_landbasedwind_class4_moderate_70_4,2,0,0,0,0,0,1,0,1,1,0,0,0,97092,-1,-1,0,0,0,77417.16322,0,0,26256.10757,0,0,0,0,0,0,None,0,1,0,0,0,0,0,1,1,1,0,0,1,1,0,0,0,0,0,0,0,0,0,0,0,0,0,0,landbasedwind_class4_moderate_78,0,0.8,0,0,0,0,0,0,0,1,1,NW,4,0,0
NW_landbasedwind_class4_moderate_70_5,2,0,0,0,0,0,1,0,1,1,0,0,0,199742,-1,-1,0,0,0,89391.08322,0,0,26256.10757,0,0,0,0,0,0,None,0,1,0,0,0,0,0,1,1,1,0,0,1,1,0,0,0,0,0,0,0,0,0,0,0,0,0,0,landbasedwind_class4_moderate_79,0,0.8,0,0,0,0,0,0,0,1,1,NW,5,0,0
SW_landbasedwind_class4_moderate_70_1,3,0,0,0,0,0,1,0,1,1,0,0,0,121246,-1,-1,0,0,0,72122.71682,0,0,26256.10757,0,0,0,0,0,0,None,0,1,0,0,0,0,0,1,1,1,0,0,1,1,0,0,0,0,0,0,0,0,0,0,0,0,0,0,landbasedwind_class4_moderate_88,0,0,0.8,0,0,0,0,0,0,1,1,SW,1,0,0
SW_landbasedwind_class4_moderate_70_2,3,0,0,0,0,0,1,0,1,1,0,0,0,198805,-1,-1,0,0,0,78142.71682,0,0,26256.10757,0,0,0,0,0,0,None,0,1,0,0,0,0,0,1,1,1,0,0,1,1,0,0,0,0,0,0,0,0,0,0,0,0,0,0,landbasedwind_class4_moderate_89,0,0,0.8,0,0,0,0,0,0,1,1,SW,2,0,0
SW_landbasedwind_class4_moderate_70_3,3,0,0,0,0,0,1,0,1,1,0,0,0,220468,-1,-1,0,0,0,82688.79682,0,0,26256.10757,0,0,0,0,0,0,None,0,1,0,0,0,0,0,1,1,1,0,0,1,1,0,0,0,0,0,0,0,0,0,0,0,0,0,0,landbasedwind_class4_moderate_90,0,0,0.8,0,0,0,0,0,0,1,1,SW,3,0,0
SW_landbasedwind_class4_moderate_70_4,3,0,0,0,0,0,1,0,1,1,0,0,0,114528,-1,-1,0,0,0,85921.11682,0,0,26256.10757,0,0,0,0,0,0,None,0,1,0,0,0,0,0,1,1,1,0,0,1,1,0,0,0,0,0,0,0,0,0,0,0,0,0,0,landbasedwind_class4_moderate_91,0,0,0.8,0,0,0,0,0,0,1,1,SW,4,0,0
SW_landbasedwind_class4_moderate_70_5,3,0,0,0,0,0,1,0,1,1,0,0,0,80506,-1,-1,0,0,0,77013.75682,0,0,26256.10757,0,0,0,0,0,0,None,0,1,0,0,0,0,0,1,1,1,0,0,1,1,0,0,0,0,0,0,0,0,0,0,0,0,0,0,landbasedwind_class4_moderate_92,0,0,0.8,0,0,0,0,0,0,1,1,SW,5,0,0
TX_landbasedwind_class4_moderate_70_1,4,0,0,0,0,0,1,0,1,1,0,0,0,648613,-1,-1,0,0,0,68862.85759,0,0,26256.10757,0,0,0,0,0,0,None,0,1,0,0,0,0,0,1,1,1,0,0,1,1,0,0,0,0,0,0,0,0,0,0,0,0,0,0,landbasedwind_class4_moderate_93,0,0,0,0.8,0,0,0,0,0,1,1,TX,1,0,0
TX_landbasedwind_class4_moderate_70_2,4,0,0,0,0,0,1,0,1,1,0,0,0,340445,-1,-1,0,0,0,72651.81759,0,0,26256.10757,0,0,0,0,0,0,None,0,1,0,0,0,0,0,1,1,1,0,0,1,1,0,0,0,0,0,0,0,0,0,0,0,0,0,0,landbasedwind_class4_moderate_93,0,0,0,0.8,0,0,0,0,0,1,1,TX,2,0,0
TX_landbasedwind_class4_moderate_70_3,4,0,0,0,0,0,1,0,1,1,0,0,0,48810,-1,-1,0,0,0,92842.05759,0,0,26256.10757,0,0,0,0,0,0,None,0,1,0,0,0,0,0,1,1,1,0,0,1,1,0,0,0,0,0,0,0,0,0,0,0,0,0,0,landbasedwind_class4_moderate_93,0,0,0,0.8,0,0,0,0,0,1,1,TX,3,0,0
NCEN_landbasedwind_class4_moderate_70_1,5,0,0,0,0,0,1,0,1,1,0,0,0,132116,-1,-1,0,0,0,79050.4161,0,0,26256.10757,0,0,0,0,0,0,None,0,1,0,0,0,0,0,1,1,1,0,0,1,1,0,0,0,0,0,0,0,0,0,0,0,0,0,0,landbasedwind_class4_moderate_70,0,0,0,0,0.8,0,0,0,0,1,1,NCEN,1,0,0
NCEN_landbasedwind_class4_moderate_70_2,5,0,0,0,0,0,1,0,1,1,0,0,0,111248,-1,-1,0,0,0,75707.2161,0,0,26256.10757,0,0,0,0,0,0,None,0,1,0,0,0,0,0,1,1,1,0,0,1,1,0,0,0,0,0,0,0,0,0,0,0,0,0,0,landbasedwind_class4_moderate_70,0,0,0,0,0.8,0,0,0,0,1,1,NCEN,2,0,0
NCEN_landbasedwind_class4_moderate_70_3,5,0,0,0,0,0,1,0,1,1,0,0,0,84633,-1,-1,0,0,0,74403.5361,0,0,26256.10757,0,0,0,0,0,0,None,0,1,0,0,0,0,0,1,1,1,0,0,1,1,0,0,0,0,0,0,0,0,0,0,0,0,0,0,landbasedwind_class4_moderate_70,0,0,0,0,0.8,0,0,0,0,1,1,NCEN,3,0,0
NCEN_landbasedwind_class4_moderate_70_4,5,0,0,0,0,0,1,0,1,1,0,0,0,122713,-1,-1,0,0,0,78147.6961,0,0,26256.10757,0,0,0,0,0,0,None,0,1,0,0,0,0,0,1,1,1,0,0,1,1,0,0,0,0,0,0,0,0,0,0,0,0,0,0,landbasedwind_class4_moderate_70,0,0,0,0,0.8,0,0,0,0,1,1,NCEN,4,0,0
NCEN_landbasedwind_class4_moderate_70_5,5,0,0,0,0,0,1,0,1,1,0,0,0,152918,-1,-1,0,0,0,80639.6961,0,0,26256.10757,0,0,0,0,0,0,None,0,1,0,0,0,0,0,1,1,1,0,0,1,1,0,0,0,0,0,0,0,0,0,0,0,0,0,0,landbasedwind_class4_moderate_70,0,0,0,0,0.8,0,0,0,0,1,1,NCEN,5,0,0
NCEN_landbasedwind_class4_moderate_70_6,5,0,0,0,0,0,1,0,1,1,0,0,0,124490,-1,-1,0,0,0,83500.1761,0,0,26256.10757,0,0,0,0,0,0,None,0,1,0,0,0,0,0,1,1,1,0,0,1,1,0,0,0,0,0,0,0,0,0,0,0,0,0,0,landbasedwind_class4_moderate_70,0,0,0,0,0.8,0,0,0,0,1,1,NCEN,6,0,0
NCEN_landbasedwind_class4_moderate_70_7,5,0,0,0,0,0,1,0,1,1,0,0,0,82859,-1,-1,0,0,0,76855.2161,0,0,26256.10757,0,0,0,0,0,0,None,0,1,0,0,0,0,0,1,1,1,0,0,1,1,0,0,0,0,0,0,0,0,0,0,0,0,0,0,landbasedwind_class4_moderate_70,0,0,0,0,0.8,0,0,0,0,1,1,NCEN,7,0,0
CEN_landbasedwind_class4_moderate_70_1,6,0,0,0,0,0,1,0,1,1,0,0,0,105094,-1,-1,0,0,0,68516.31682,0,0,26256.10757,0,0,0,0,0,0,None,0,1,0,0,0,0,0,1,1,1,0,0,1,1,0,0,0,0,0,0,0,0,0,0,0,0,0,0,landbasedwind_class4_moderate_70,0,0,0,0,0,0.8,0,0,0,1,1,CEN,1,0,0
CEN_landbasedwind_class4_moderate_70_2,6,0,0,0,0,0,1,0,1,1,0,0,0,147988,-1,-1,0,0,0,69996.95682,0,0,26256.10757,0,0,0,0,0,0,None,0,1,0,0,0,0,0,1,1,1,0,0,1,1,0,0,0,0,0,0,0,0,0,0,0,0,0,0,landbasedwind_class4_moderate_70,0,0,0,0,0,0.8,0,0,0,1,1,CEN,2,0,0
CEN_landbasedwind_class4_moderate_70_3,6,0,0,0,0,0,1,0,1,1,0,0,0,37920,-1,-1,0,0,0,65238.07682,0,0,26256.10757,0,0,0,0,0,0,None,0,1,0,0,0,0,0,1,1,1,0,0,1,1,0,0,0,0,0,0,0,0,0,0,0,0,0,0,landbasedwind_class4_moderate_70,0,0,0,0,0,0.8,0,0,0,1,1,CEN,3,0,0
CEN_landbasedwind_class4_moderate_70_4,6,0,0,0,0,0,1,0,1,1,0,0,0,136587,-1,-1,0,0,0,68783.99682,0,0,26256.10757,0,0,0,0,0,0,None,0,1,0,0,0,0,0,1,1,1,0,0,1,1,0,0,0,0,0,0,0,0,0,0,0,0,0,0,landbasedwind_class4_moderate_70,0,0,0,0,0,0.8,0,0,0,1,1,CEN,4,0,0
CEN_landbasedwind_class4_moderate_70_5,6,0,0,0,0,0,1,0,1,1,0,0,0,149990,-1,-1,0,0,0,71719.51682,0,0,26256.10757,0,0,0,0,0,0,None,0,1,0,0,0,0,0,1,1,1,0,0,1,1,0,0,0,0,0,0,0,0,0,0,0,0,0,0,landbasedwind_class4_moderate_70,0,0,0,0,0,0.8,0,0,0,1,1,CEN,5,0,0
CEN_landbasedwind_class4_moderate_70_6,6,0,0,0,0,0,1,0,1,1,0,0,0,195295,-1,-1,0,0,0,70962.39682,0,0,26256.10757,0,0,0,0,0,0,None,0,1,0,0,0,0,0,1,1,1,0,0,1,1,0,0,0,0,0,0,0,0,0,0,0,0,0,0,landbasedwind_class4_moderate_70,0,0,0,0,0,0.8,0,0,0,1,1,CEN,6,0,0
CEN_landbasedwind_class4_moderate_70_7,6,0,0,0,0,0,1,0,1,1,0,0,0,90689,-1,-1,0,0,0,75143.35682,0,0,26256.10757,0,0,0,0,0,0,None,0,1,0,0,0,0,0,1,1,1,0,0,1,1,0,0,0,0,0,0,0,0,0,0,0,0,0,0,landbasedwind_class4_moderate_70,0,0,0,0,0,0.8,0,0,0,1,1,CEN,7,0,0
SE_landbasedwind_class4_moderate_70_1,7,0,0,0,0,0,1,0,1,1,0,0,0,84058,-1,-1,0,0,0,74858.52871,0,0,26256.10757,0,0,0,0,0,0,None,0,1,0,0,0,0,0,1,1,1,0,0,1,1,0,0,0,0,0,0,0,0,0,0,0,0,0,0,landbasedwind_class4_moderate_80,0,0,0,0,0,0,0.8,0,0,1,1,SE,1,0,0
SE_landbasedwind_class4_moderate_70_2,7,0,0,0,0,0,1,0,1,1,0,0,0,20182,-1,-1,0,0,0,71910.68871,0,0,26256.10757,0,0,0,0,0,0,None,0,1,0,0,0,0,0,1,1,1,0,0,1,1,0,0,0,0,0,0,0,0,0,0,0,0,0,0,landbasedwind_class4_moderate_81,0,0,0,0,0,0,0.8,0,0,1,1,SE,2,0,0
SE_landbasedwind_class4_moderate_70_3,7,0,0,0,0,0,1,0,1,1,0,0,0,105301,-1,-1,0,0,0,74548.28871,0,0,26256.10757,0,0,0,0,0,0,None,0,1,0,0,0,0,0,1,1,1,0,0,1,1,0,0,0,0,0,0,0,0,0,0,0,0,0,0,landbasedwind_class4_moderate_82,0,0,0,0,0,0,0.8,0,0,1,1,SE,3,0,0
SE_landbasedwind_class4_moderate_70_4,7,0,0,0,0,0,1,0,1,1,0,0,0,95536,-1,-1,0,0,0,77283.32871,0,0,26256.10757,0,0,0,0,0,0,None,0,1,0,0,0,0,0,1,1,1,0,0,1,1,0,0,0,0,0,0,0,0,0,0,0,0,0,0,landbasedwind_class4_moderate_83,0,0,0,0,0,0,0.8,0,0,1,1,SE,4,0,0
SE_landbasedwind_class4_moderate_70_5,7,0,0,0,0,0,1,0,1,1,0,0,0,79807,-1,-1,0,0,0,78208.44871,0,0,26256.10757,0,0,0,0,0,0,None,0,1,0,0,0,0,0,1,1,1,0,0,1,1,0,0,0,0,0,0,0,0,0,0,0,0,0,0,landbasedwind_class4_moderate_84,0,0,0,0,0,0,0.8,0,0,1,1,SE,5,0,0
SE_landbasedwind_class4_moderate_70_6,7,0,0,0,0,0,1,0,1,1,0,0,0,117168,-1,-1,0,0,0,74465.40871,0,0,26256.10757,0,0,0,0,0,0,None,0,1,0,0,0,0,0,1,1,1,0,0,1,1,0,0,0,0,0,0,0,0,0,0,0,0,0,0,landbasedwind_class4_moderate_85,0,0,0,0,0,0,0.8,0,0,1,1,SE,6,0,0
SE_landbasedwind_class4_moderate_70_7,7,0,0,0,0,0,1,0,1,1,0,0,0,66201,-1,-1,0,0,0,73950.20871,0,0,26256.10757,0,0,0,0,0,0,None,0,1,0,0,0,0,0,1,1,1,0,0,1,1,0,0,0,0,0,0,0,0,0,0,0,0,0,0,landbasedwind_class4_moderate_86,0,0,0,0,0,0,0.8,0,0,1,1,SE,7,0,0
SE_landbasedwind_class4_moderate_70_8,7,0,0,0,0,0,1,0,1,1,0,0,0,102849,-1,-1,0,0,0,76381.72871,0,0,26256.10757,0,0,0,0,0,0,None,0,1,0,0,0,0,0,1,1,1,0,0,1,1,0,0,0,0,0,0,0,0,0,0,0,0,0,0,landbasedwind_class4_moderate_87,0,0,0,0,0,0,0.8,0,0,1,1,SE,8,0,0
MIDAT_landbasedwind_class4_moderate_70_1,8,0,0,0,0,0,1,0,1,1,0,0,0,1384,-1,-1,0,0,0,78331.91929,0,0,26256.10757,0,0,0,0,0,0,None,0,1,0,0,0,0,0,1,1,1,0,0,1,1,0,0,0,0,0,0,0,0,0,0,0,0,0,0,landbasedwind_class4_moderate_70,0,0,0,0,0,0,0,0.8,0,1,1,MIDAT,1,0,0
MIDAT_landbasedwind_class4_moderate_70_2,8,0,0,0,0,0,1,0,1,1,0,0,0,25176,-1,-1,0,0,0,78069.83929,0,0,26256.10757,0,0,0,0,0,0,None,0,1,0,0,0,0,0,1,1,1,0,0,1,1,0,0,0,0,0,0,0,0,0,0,0,0,0,0,landbasedwind_class4_moderate_70,0,0,0,0,0,0,0,0.8,0,1,1,MIDAT,2,0,0
MIDAT_landbasedwind_class4_moderate_70_3,8,0,0,0,0,0,1,0,1,1,0,0,0,10379,-1,-1,0,0,0,76035.91929,0,0,26256.10757,0,0,0,0,0,0,None,0,1,0,0,0,0,0,1,1,1,0,0,1,1,0,0,0,0,0,0,0,0,0,0,0,0,0,0,landbasedwind_class4_moderate_70,0,0,0,0,0,0,0,0.8,0,1,1,MIDAT,3,0,0
MIDAT_landbasedwind_class4_moderate_70_4,8,0,0,0,0,0,1,0,1,1,0,0,0,94297,-1,-1,0,0,0,78783.27929,0,0,26256.10757,0,0,0,0,0,0,None,0,1,0,0,0,0,0,1,1,1,0,0,1,1,0,0,0,0,0,0,0,0,0,0,0,0,0,0,landbasedwind_class4_moderate_70,0,0,0,0,0,0,0,0.8,0,1,1,MIDAT,4,0,0
MIDAT_landbasedwind_class4_moderate_70_5,8,0,0,0,0,0,1,0,1,1,0,0,0,78586,-1,-1,0,0,0,79963.75929,0,0,26256.10757,0,0,0,0,0,0,None,0,1,0,0,0,0,0,1,1,1,0,0,1,1,0,0,0,0,0,0,0,0,0,0,0,0,0,0,landbasedwind_class4_moderate_70,0,0,0,0,0,0,0,0.8,0,1,1,MIDAT,5,0,0
MIDAT_landbasedwind_class4_moderate_70_6,8,0,0,0,0,0,1,0,1,1,0,0,0,86257,-1,-1,0,0,0,79696.07929,0,0,26256.10757,0,0,0,0,0,0,None,0,1,0,0,0,0,0,1,1,1,0,0,1,1,0,0,0,0,0,0,0,0,0,0,0,0,0,0,landbasedwind_class4_moderate_70,0,0,0,0,0,0,0,0.8,0,1,1,MIDAT,6,0,0
MIDAT_landbasedwind_class4_moderate_70_7,8,0,0,0,0,0,1,0,1,1,0,0,0,42063,-1,-1,0,0,0,82433.35929,0,0,26256.10757,0,0,0,0,0,0,None,0,1,0,0,0,0,0,1,1,1,0,0,1,1,0,0,0,0,0,0,0,0,0,0,0,0,0,0,landbasedwind_class4_moderate_70,0,0,0,0,0,0,0,0.8,0.8,1,1,MIDAT,7,0,0
NE_landbasedwind_class4_moderate_70_1,9,0,0,0,0,0,1,0,1,1,0,0,0,6841,-1,-1,0,0,0,90411.84793,0,0,26256.10757,0,0,0,0,0,0,None,0,1,0,0,0,0,0,1,1,1,0,0,1,1,0,0,0,0,0,0,0,0,0,0,0,0,0,0,landbasedwind_class4_moderate_70,0,0,0,0,0,0,0,0,0.8,1,1,NE,1,0,0
NE_landbasedwind_class4_moderate_70_2,9,0,0,0,0,0,1,0,1,1,0,0,0,10960,-1,-1,0,0,0,91172.32793,0,0,26256.10757,0,0,0,0,0,0,None,0,1,0,0,0,0,0,1,1,1,0,0,1,1,0,0,0,0,0,0,0,0,0,0,0,0,0,0,landbasedwind_class4_moderate_70,0,0,0,0,0,0,0,0,0.8,1,1,NE,2,0,0
NE_landbasedwind_class4_moderate_70_3,9,0,0,0,0,0,1,0,1,1,0,0,0,65324,-1,-1,0,0,0,102114.7279,0,0,26256.10757,0,0,0,0,0,0,None,0,1,0,0,0,0,0,1,1,1,0,0,1,1,0,0,0,0,0,0,0,0,0,0,0,0,0,0,landbasedwind_class4_moderate_70,0,0,0,0,0,0,0,0,0.8,1,1,NE,3,0,0
NE_landbasedwind_class4_moderate_70_4,9,0,0,0,0,0,1,0,1,1,0,0,0,17702,-1,-1,0,0,0,97037.76793,0,0,26256.10757,0,0,0,0,0,0,None,0,1,0,0,0,0,0,1,1,1,0,0,1,1,0,0,0,0,0,0,0,0,0,0,0,0,0,0,landbasedwind_class4_moderate_71,0,0,0,0,0,0,0,0,0.8,1,1,NE,4,0,0
NE_landbasedwind_class4_moderate_70_5,9,0,0,0,0,0,1,0,1,1,0,0,0,90535,-1,-1,0,0,0,95103.52793,0,0,26256.10757,0,0,0,0,0,0,None,0,1,0,0,0,0,0,1,1,1,0,0,1,1,0,0,0,0,0,0,0,0,0,0,0,0,0,0,landbasedwind_class4_moderate_72,0,0,0,0,0,0,0,0,0.8,1,1,NE,5,0,0
NE_landbasedwind_class4_moderate_70_6,9,0,0,0,0,0,1,0,1,1,0,0,0,1111,-1,-1,0,0,0,91036.80793,0,0,26256.10757,0,0,0,0,0,0,None,0,1,0,0,0,0,0,1,1,1,0,0,1,1,0,0,0,0,0,0,0,0,0,0,0,0,0,0,landbasedwind_class4_moderate_73,0,0,0,0,0,0,0,0,0.8,1,1,NE,6,0,0
NE_landbasedwind_class4_moderate_70_7,9,0,0,0,0,0,1,0,1,1,0,0,0,13217,-1,-1,0,0,0,101355.3679,0,0,26256.10757,0,0,0,0,0,0,None,0,1,0,0,0,0,0,1,1,1,0,0,1,1,0,0,0,0,0,0,0,0,0,0,0,0,0,0,landbasedwind_class4_moderate_74,0,0,0,0,0,0,0,0,0,1,1,NE,7,0,0