,Power CCS,H2 CCS,DAC Capture,Biorefinery Capture,CO2 Pipeline Import,CO2 Storage,Power CCS,H2 CCS,DAC Capture,Biorefinery Capture,CO2 Pipeline Import,CO2 Storage,Power CCS,H2 CCS,DAC Capture,Biorefinery Capture,CO2 Pipeline Import,CO2 Storage
Zone,1,1,1,1,1,1,2,2,2,2,2,2,3,3,3,3,3,3
AnnualSum,0.0,2.518487155606508e7,0.0,5.026857644008751e7,7.12328612179257e7,-1.4668630921407813e8,0.0,5.6824701653614976e7,0.0,0.0,-4.385990165361509e7,-1.2964799999999877e7,0.0,2.7380208542252544e7,0.0,0.0,-2.7380208542252544e7,0.0
t1,0.0,2962.28069060265,0.0,5738.42196804652,8180.297408341888,-16881.000066991055,0.0,6486.838088312207,0.0,0.0,-5052.647427101568,-1434.1906612106393,0.0,3128.4812817318907,0.0,0.0,-3128.4812817318907,-0.0
t2,0.0,2962.28069060265,0.0,5738.42196804652,8180.297408341888,-16881.000066991055,0.0,6486.838088312207,0.0,0.0,-5052.647427101568,-1434.1906612106393,0.0,3128.4812817318907,0.0,0.0,-3128.4812817318907,-0.0
t3,0.0,2962.28069060265,0.0,5738.42196804652,8180.297408341888,-16881.000066991055,0.0,6486.838088312207,0.0,0.0,-5052.647427101568,-1434.1906612106393,0.0,3128.4812817318907,0.0,0.0,-3128.4812817318907,-0.0
t4,0.0,2962.28069060265,0.0,5738.42196804652,8180.297408341888,-16881.000066991055,0.0,6486.838088312207,0.0,0.0,-5052.647427101568,-1434.1906612106393,0.0,3128.4812817318907,0.0,0.0,-3128.4812817318907,-0.0
t5,0.0,2962.28069060265,0.0,5738.42196804652,8180.297408341888,-16881.000066991055,0.0,6486.838088312207,0.0,0.0,-5052.647427101568,-1434.1906612106393,0.0,3128.4812817318907,0.0,0.0,-3128.4812817318907,-0.0
t6,0.0,2962.28069060265,0.0,5738.42196804652,8180.297408341888,-16881.000066991055,0.0,6486.838088312207,0.0,0.0,-5052.647427101568,-1434.1906612106393,0.0,3128.4812817318907,0.0,0.0,-3128.4812817318907,-0.0
t7,0.0,2962.28069060265,0.0,5738.42196804652,8180.297408341888,-16881.000066991055,0.0,6486.838088312207,0.0,0.0,-5052.647427101568,-1434.1906612106393,0.0,3128.4812817318907,0.0,0.0,-3128.4812817318907,-0.0
t8,0.0,2962.28069060265,0.0,5738.42196804652,8180.297408341888,-16881.000066991055,0.0,6486.838088312207,0.0,0.0,-5052.647427101568,-1434.1906612106393,0.0,3128.4812817318907,0.0,0.0,-3128.4812817318907,-0.0
t9,0.0,2962.28069060265,0.0,5738.42196804652,8180.297408341888,-16881.000066991055,0.0,6486.838088312207,0.0,0.0,-5052.647427101568,-1434.1906612106393,0.0,3128.4812817318907,0.0,0.0,-3128.4812817318907,-0.0
t10,0.0,2962.28069060265,0.0,5738.42196804652,8180.297408341888,-16881.000066991055,0.0,6486.838088312207,0.0,0.0,-5052.647427101568,-1434.1906612106393,0.0,3128.4812817318907,0.0,0.0,-3128.4812817318907,-0.0
t11,0.0,2962.28069060265,0.0,5738.42196804652,8180.297408341888,-16881.000066991055,0.0,6486.838088312207,0.0,0.0,-5052.647427101568,-1434.1906612106393,0.0,3128.4812817318907,0.0,0.0,-3128.4812817318907,-0.0
t12,0.0,2962.28069060265,0.0,5738.42196804652,8180.297408341888,-16881.000066991055,0.0,6486.838088312207,0.0,0.0,-5052.647427101568,-1434.1906612106393,0.0,3128.4812817318907,0.0,0.0,-3128.4812817318907,-0.0
t13,0.0,2962.28069060265,0.0,5738.42196804652,8180.297408341888,-16881.000066991055,0.0,6486.838088312207,0.0,0.0,-5052.647427101568,-1434.1906612106393,0.0,3128.4812817318907,0.0,0.0,-3128.4812817318907,-0.0
t14,0.0,2962.28069060265,0.0,5738.42196804652,8180.297408341888,-16881.000066991055,0.0,6486.838088312207,0.0,0.0,-5052.647427101568,-1434.1906612106393,0.0,3128.4812817318907,0.0,0.0,-3128.4812817318907,-0.0
t15,0.0,2962.28069060265,0.0,5738.42196804652,8180.297408341888,-16881.000066991055,0.0,6486.838088312207,0.0,0.0,-5052.647427101568,-1434.1906612106393,0.0,3128.4812817318907,0.0,0.0,-3128.4812817318907,-0.0
t16,0.0,2962.28069060265,0.0,5738.42196804652,8180.297408341888,-16881.000066991055,0.0,6486.838088312207,0.0,0.0,-5052.647427101568,-1434.1906612106393,0.0,3128.4812817318907,0.0,0.0,-3128.4812817318907,-0.0
t17,0.0,2962.28069060265,0.0,5738.42196804652,8180.297408341888,-16881.000066991055,0.0,6486.838088312207,0.0,0.0,-5052.647427101568,-1434.1906612106393,0.0,3128.4812817318907,0.0,0.0,-3128.4812817318907,-0.0
t18,0.0,2962.28069060265,0.0,5738.42196804652,8180.297408341888,-16881.000066991055,0.0,6486.838088312207,0.0,0.0,-5052.647427101568,-1434.1906612106393,0.0,3128.4812817318907,0.0,0.0,-3128.4812817318907,-0.0
t19,0.0,1481.140345301325,0.0,5738.42196804652,8180.297408341888,-15399.859721689732,0.0,6486.838088312207,0.0,0.0,-5052.647427101568,-1434.1906612106393,0.0,3128.4812817318907,0.0,0.0,-3128.4812817318907,-0.0
t20,0.0,807.0850748477645,0.0,5738.42196804652,8180.297408341888,-14725.804451236172,0.0,6486.838088312207,0.0,0.0,-5052.647427101568,-1434.1906612106393,0.0,3128.4812817318907,0.0,0.0,-3128.4812817318907,-0.0
t21,0.0,2288.2254201490896,0.0,5738.42196804652,8180.297408341888,-16206.944796537498,0.0,6486.838088312207,0.0,0.0,-5052.647427101568,-1434.1906612106393,0.0,3128.4812817318907,0.0,0.0,-3128.4812817318907,-0.0
t22,0.0,2962.28069060265,0.0,5738.42196804652,8180.297408341888,-16881.000066991055,0.0,6486.838088312207,0.0,0.0,-5052.647427101568,-1434.1906612106393,0.0,3128.4812817318907,0.0,0.0,-3128.4812817318907,-0.0
t23,0.0,2962.28069060265,0.0,5738.42196804652,8180.297408341888,-16881.000066991055,0.0,6486.838088312207,0.0,0.0,-5052.647427101568,-1434.1906612106393,0.0,3128.4812817318907,0.0,0.0,-3128.4812817318907,-0.0
t24,0.0,2962.28069060265,0.0,5738.42196804652,8180.297408341888,-16881.000066991055,0.0,6486.838088312207,0.0,0.0,-5052.647427101568,-1434.1906612106393,0.0,3128.4812817318907,0.0,0.0,-3128.4812817318907,-0.0
t25,0.0,2962.28069060265,0.0,5738.42196804652,8180.297408341888,-16881.000066991055,0.0,6486.838088312207,0.0,0.0,-5052.647427101568,-1434.1906612106393,0.0,3128.4812817318907,0.0,0.0,-3128.4812817318907,-0.0
t26,0.0,2962.28069060265,0.0,5738.42196804652,8180.297408341888,-16881.000066991055,0.0,6486.838088312207,0.0,0.0,-5052.647427101568,-1434.1906612106393,0.0,3128.4812817318907,0.0,0.0,-3128.4812817318907,-0.0
t27,0.0,2962.28069060265,0.0,5738.42196804652,8180.297408341888,-16881.000066991055,0.0,6486.838088312207,0.0,0.0,-5052.647427101568,-1434.1906612106393,0.0,3128.4812817318907,0.0,0.0,-3128.4812817318907,-0.0
t28,0.0,2962.28069060265,0.0,5738.42196804652,8180.297408341888,-16881.000066991055,0.0,6486.838088312207,0.0,0.0,-5052.647427101568,-1434.1906612106393,0.0,3128.4812817318907,0.0,0.0,-3128.4812817318907,-0.0
t29,0.0,2962.28069060265,0.0,5738.42196804652,8180.297408341888,-16881.000066991055,0.0,6486.838088312207,0.0,0.0,-5052.647427101568,-1434.1906612106393,0.0,3128.4812817318907,0.0,0.0,-3128.4812817318907,-0.0
t30,0.0,2962.28069060265,0.0,5738.42196804652,8180.297408341888,-16881.000066991055,0.0,6486.838088312207,0.0,0.0,-5052.647427101568,-1434.1906612106393,0.0,3128.4812817318907,0.0,0.0,-3128.4812817318907,-0.0
t31,0.0,2962.28069060265,0.0,5738.42196804652,8180.297408341888,-16881.000066991055,0.0,6486.838088312207,0.0,0.0,-5052.647427101568,-1434.1906612106393,0.0,3128.4812817318907,0.0,0.0,-3128.4812817318907,-0.0
t32,0.0,2962.28069060265,0.0,5738.42196804652,8180.297408341888,-16881.000066991055,0.0,6486.838088312207,0.0,0.0,-5052.647427101568,-1434.1906612106393,0.0,3128.4812817318907,0.0,0.0,-3128.4812817318907,-0.0
t33,0.0,2962.28069060265,0.0,5738.42196804652,8180.297408341888,-16881.000066991055,0.0,6486.838088312207,0.0,0.0,-5052.647427101568,-1434.1906612106393,0.0,3128.4812817318907,0.0,0.0,-3128.4812817318907,-0.0
t34,0.0,2962.28069060265,0.0,5738.42196804652,8180.297408341888,-16881.000066991055,0.0,6486.838088312207,0.0,0.0,-5052.647427101568,-1434.1906612106393,0.0,3128.4812817318907,0.0,0.0,-3128.4812817318907,-0.0
t35,0.0,2962.28069060265,0.0,5738.42196804652,8180.297408341888,-16881.000066991055,0.0,6486.838088312207,0.0,0.0,-5052.647427101568,-1434.1906612106393,0.0,3128.4812817318907,0.0,0.0,-3128.4812817318907,-0.0
t36,0.0,2962.28069060265,0.0,5738.42196804652,8180.297408341888,-16881.000066991055,0.0,6486.838088312207,0.0,0.0,-5052.647427101568,-1434.1906612106393,0.0,3128.4812817318907,0.0,0.0,-3128.4812817318907,-0.0
t37,0.0,2962.28069060265,0.0,5738.42196804652,8180.297408341888,-16881.000066991055,0.0,6486.838088312207,0.0,0.0,-5052.647427101568,-1434.1906612106393,0.0,3128.4812817318907,0.0,0.0,-3128.4812817318907,-0.0
t38,0.0,2962.28069060265,0.0,5738.42196804652,8180.297408341888,-16881.000066991055,0.0,6486.838088312207,0.0,0.0,-5052.647427101568,-1434.1906612106393,0.0,3128.4812817318907,0.0,0.0,-3128.4812817318907,-0.0
t39,0.0,2962.28069060265,0.0,5738.42196804652,8180.297408341888,-16881.000066991055,0.0,6486.838088312207,0.0,0.0,-5052.647427101568,-1434.1906612106393,0.0,3128.4812817318907,0.0,0.0,-3128.4812817318907,-0.0
t40,0.0,2962.28069060265,0.0,5738.42196804652,8180.297408341888,-16881.000066991055,0.0,6486.838088312207,0.0,0.0,-5052.647427101568,-1434.1906612106393,0.0,3128.4812817318907,0.0,0.0,-3128.4812817318907,-0.0
t41,0.0,2962.28069060265,0.0,5738.42196804652,8180.297408341888,-16881.000066991055,0.0,6486.838088312207,0.0,0.0,-5052.647427101568,-1434.1906612106393,0.0,3128.4812817318907,0.0,0.0,-3128.4812817318907,-0.0
t42,0.0,1481.140345301325,0.0,5738.42196804652,8180.297408341888,-15399.859721689732,0.0,6486.838088312207,0.0,0.0,-5052.647427101568,-1434.1906612106393,0.0,3128.4812817318907,0.0,0.0,-3128.4812817318907,-0.0
t43,0.0,0.0,0.0,5738.42196804652,8180.297408341888,-13918.719376388408,0.0,6486.838088312207,0.0,0.0,-5052.647427101568,-1434.1906612106393,0.0,3128.4812817318907,0.0,0.0,-3128.4812817318907,-0.0
t44,0.0,0.0,0.0,5738.42196804652,8180.297408341888,-13918.719376388408,0.0,6486.838088312207,0.0,0.0,-5052.647427101568,-1434.1906612106393,0.0,3128.4812817318907,0.0,0.0,-3128.4812817318907,-0.0
t45,0.0,1481.140345301325,0.0,5738.42196804652,8180.297408341888,-15399.859721689732,0.0,6486.838088312207,0.0,0.0,-5052.647427101568,-1434.1906612106393,0.0,3128.4812817318907,0.0,0.0,-3128.4812817318907,-0.0
t46,0.0,2962.28069060265,0.0,5738.42196804652,8180.297408341888,-16881.000066991055,0.0,6486.838088312207,0.0,0.0,-5052.647427101568,-1434.1906612106393,0.0,3128.4812817318907,0.0,0.0,-3128.4812817318907,-0.0
t47,0.0,2962.28069060265,0.0,5738.42196804652,8180.297408341888,-16881.000066991055,0.0,6486.838088312207,0.0,0.0,-5052.647427101568,-1434.1906612106393,0.0,3128.4812817318907,0.0,0.0,-3128.4812817318907,-0.0
t48,0.0,2962.28069060265,0.0,5738.42196804652,8180.297408341888,-16881.000066991055,0.0,6486.838088312207,0.0,0.0,-5052.647427101568,-1434.1906612106393,0.0,3128.4812817318907,0.0,0.0,-3128.4812817318907,-0.0
t49,0.0,2962.28069060265,0.0,5738.42196804652,8180.297408341888,-16881.000066991055,0.0,6486.838088312207,0.0,0.0,-5052.647427101568,-1434.1906612106393,0.0,3128.4812817318907,0.0,0.0,-3128.4812817318907,-0.0
t50,0.0,2962.28069060265,0.0,5738.42196804652,8180.297408341888,-16881.000066991055,0.0,6486.838088312207,0.0,0.0,-5052.647427101568,-1434.1906612106393,0.0,3128.4812817318907,0.0,0.0,-3128.4812817318907,-0.0
t51,0.0,2962.28069060265,0.0,5738.42196804652,8180.297408341888,-16881.000066991055,0.0,6486.838088312207,0.0,0.0,-5052.647427101568,-1434.1906612106393,0.0,3128.4812817318907,0.0,0.0,-3128.4812817318907,-0.0
t52,0.0,2962.28069060265,0.0,5738.42196804652,8180.297408341888,-16881.000066991055,0.0,6486.838088312207,0.0,0.0,-5052.647427101568,-1434.1906612106393,0.0,3128.4812817318907,0.0,0.0,-3128.4812817318907,-0.0
t53,0.0,2962.28069060265,0.0,5738.42196804652,8180.297408341888,-16881.000066991055,0.0,6486.838088312207,0.0,0.0,-5052.647427101568,-1434.1906612106393,0.0,3128.4812817318907,0.0,0.0,-3128.4812817318907,-0.0
t54,0.0,2962.28069060265,0.0,5738.42196804652,8180.297408341888,-16881.000066991055,0.0,6486.838088312207,0.0,0.0,-5052.647427101568,-1434.1906612106393,0.0,3128.4812817318907,0.0,0.0,-3128.4812817318907,-0.0
t55,0.0,2962.28069060265,0.0,5738.42196804652,8180.297408341888,-16881.000066991055,0.0,6486.838088312207,0.0,0.0,-5052.647427101568,-1434.1906612106393,0.0,3128.4812817318907,0.0,0.0,-3128.4812817318907,-0.0
t56,0.0,2962.28069060265,0.0,5738.42196804652,8180.297408341888,-16881.000066991055,0.0,6486.838088312207,0.0,0.0,-5052.647427101568,-1434.1906612106393,0.0,3128.4812817318907,0.0,0.0,-3128.4812817318907,-0.0
t57,0.0,2962.28069060265,0.0,5738.42196804652,8180.297408341888,-16881.000066991055,0.0,6486.838088312207,0.0,0.0,-5052.647427101568,-1434.1906612106393,0.0,3128.4812817318907,0.0,0.0,-3128.4812817318907,-0.0
t58,0.0,2962.28069060265,0.0,5738.42196804652,8180.297408341888,-16881.000066991055,0.0,6486.838088312207,0.0,0.0,-5052.647427101568,-1434.1906612106393,0.0,3128.4812817318907,0.0,0.0,-3128.4812817318907,-0.0
t59,0.0,2962.2806906026517,0.0,5738.42196804652,8180.297408341888,-16881.00006699106,0.0,6486.838088312207,0.0,0.0,-5052.647427101568,-1434.1906612106393,0.0,3128.4812817318907,0.0,0.0,-3128.4812817318907,-0.0
t60,0.0,2962.28069060265,0.0,5738.42196804652,8180.297408341888,-16881.000066991055,0.0,6486.838088312207,0.0,0.0,-5052.647427101568,-1434.1906612106393,0.0,3128.4812817318907,0.0,0.0,-3128.4812817318907,-0.0
t61,0.0,2962.28069060265,0.0,5738.42196804652,8180.297408341888,-16881.000066991055,0.0,6486.838088312207,0.0,0.0,-5052.647427101568,-1434.1906612106393,0.0,3128.4812817318907,0.0,0.0,-3128.4812817318907,-0.0
t62,0.0,2962.28069060265,0.0,5738.42196804652,8180.297408341888,-16881.000066991055,0.0,6486.838088312207,0.0,0.0,-5052.647427101568,-1434.1906612106393,0.0,3128.4812817318907,0.0,0.0,-3128.4812817318907,-0.0
t63,0.0,2962.28069060265,0.0,5738.42196804652,8180.297408341888,-16881.000066991055,0.0,6486.838088312207,0.0,0.0,-5052.647427101568,-1434.1906612106393,0.0,3128.4812817318907,0.0,0.0,-3128.4812817318907,-0.0
t64,0.0,2962.28069060265,0.0,5738.42196804652,8180.297408341888,-16881.000066991055,0.0,6486.838088312207,0.0,0.0,-5052.647427101568,-1434.1906612106393,0.0,3128.4812817318907,0.0,0.0,-3128.4812817318907,-0.0
t65,0.0,2962.28069060265,0.0,5738.42196804652,8180.297408341888,-16881.000066991055,0.0,6486.838088312207,0.0,0.0,-5052.647427101568,-1434.1906612106393,0.0,3128.4812817318907,0.0,0.0,-3128.4812817318907,-0.0
t66,0.0,2962.28069060265,0.0,5738.42196804652,8180.297408341888,-16881.000066991055,0.0,6486.838088312207,0.0,0.0,-5052.647427101568,-1434.1906612106393,0.0,3128.4812817318907,0.0,0.0,-3128.4812817318907,-0.0
t67,0.0,2962.28069060265,0.0,5738.42196804652,8180.297408341888,-16881.000066991055,0.0,6486.838088312207,0.0,0.0,-5052.647427101568,-1434.1906612106393,0.0,3128.4812817318907,0.0,0.0,-3128.4812817318907,-0.0
t68,0.0,2962.28069060265,0.0,5738.42196804652,8180.297408341888,-16881.000066991055,0.0,6486.838088312207,0.0,0.0,-5052.647427101568,-1434.1906612106393,0.0,3128.4812817318907,0.0,0.0,-3128.4812817318907,-0.0
t69,0.0,2962.28069060265,0.0,5738.42196804652,8180.297408341888,-16881.000066991055,0.0,6486.838088312207,0.0,0.0,-5052.647427101568,-1434.1906612106393,0.0,3128.4812817318907,0.0,0.0,-3128.4812817318907,-0.0
t70,0.0,2962.28069060265,0.0,5738.42196804652,8180.297408341888,-16881.000066991055,0.0,6486.838088312207,0.0,0.0,-5052.647427101568,-1434.1906612106393,0.0,3128.4812817318907,0.0,0.0,-3128.4812817318907,-0.0
t71,0.0,2962.28069060265,0.0,5738.42196804652,8180.297408341888,-16881.000066991055,0.0,6486.838088312207,0.0,0.0,-5052.647427101568,-1434.1906612106393,0.0,3128.4812817318907,0.0,0.0,-3128.4812817318907,-0.0
t72,0.0,2962.28069060265,0.0,5738.42196804652,8180.297408341888,-16881.000066991055,0.0,6486.838088312207,0.0,0.0,-5052.647427101568,-1434.1906612106393,0.0,3128.4812817318907,0.0,0.0,-3128.4812817318907,-0.0
t73,0.0,2962.28069060265,0.0,5738.42196804652,8180.297408341888,-16881.000066991055,0.0,6486.838088312207,0.0,0.0,-5052.647427101568,-1434.1906612106393,0.0,3128.4812817318907,0.0,0.0,-3128.4812817318907,-0.0
t74,0.0,2962.28069060265,0.0,5738.42196804652,8180.297408341888,-16881.000066991055,0.0,6486.838088312207,0.0,0.0,-5052.647427101568,-1434.1906612106393,0.0,3128.4812817318907,0.0,0.0,-3128.4812817318907,-0.0
t75,0.0,2962.28069060265,0.0,5738.42196804652,8180.297408341888,-16881.000066991055,0.0,6486.838088312207,0.0,0.0,-5052.647427101568,-1434.1906612106393,0.0,3128.4812817318907,0.0,0.0,-3128.4812817318907,-0.0
t76,0.0,2962.28069060265,0.0,5738.42196804652,8180.297408341888,-16881.000066991055,0.0,6486.838088312207,0.0,0.0,-5052.647427101568,-1434.1906612106393,0.0,3128.4812817318907,0.0,0.0,-3128.4812817318907,-0.0
t77,0.0,2962.28069060265,0.0,5738.42196804652,8180.297408341888,-16881.000066991055,0.0,6486.838088312207,0.0,0.0,-5052.647427101568,-1434.1906612106393,0.0,3128.4812817318907,0.0,0.0,-3128.4812817318907,-0.0
t78,0.0,2962.28069060265,0.0,5738.42196804652,8180.297408341888,-16881.000066991055,0.0,6486.838088312207,0.0,0.0,-5052.647427101568,-1434.1906612106393,0.0,3128.4812817318907,0.0,0.0,-3128.4812817318907,-0.0
t79,0.0,2962.28069060265,0.0,5738.42196804652,8180.297408341888,-16881.000066991055,0.0,6486.838088312207,0.0,0.0,-5052.647427101568,-1434.1906612106393,0.0,3128.4812817318907,0.0,0.0,-3128.4812817318907,-0.0
t80,0.0,2962.28069060265,0.0,5738.42196804652,8180.297408341888,-16881.000066991055,0.0,6486.838088312207,0.0,0.0,-5052.647427101568,-1434.1906612106393,0.0,3128.4812817318907,0.0,0.0,-3128.4812817318907,-0.0
t81,0.0,2962.28069060265,0.0,5738.42196804652,8180.297408341888,-16881.000066991055,0.0,6486.838088312207,0.0,0.0,-5052.647427101568,-1434.1906612106393,0.0,3128.4812817318907,0.0,0.0,-3128.4812817318907,-0.0
t82,0.0,2962.28069060265,0.0,5738.42196804652,8180.297408341888,-16881.000066991055,0.0,6486.838088312207,0.0,0.0,-5052.647427101568,-1434.1906612106393,0.0,3128.4812817318907,0.0,0.0,-3128.4812817318907,-0.0
t83,0.0,2962.28069060265,0.0,5738.42196804652,8180.297408341888,-16881.000066991055,0.0,6486.838088312207,0.0,0.0,-5052.647427101568,-1434.1906612106393,0.0,3128.4812817318907,0.0,0.0,-3128.4812817318907,-0.0
t84,0.0,2962.28069060265,0.0,5738.42196804652,8180.297408341888,-16881.000066991055,0.0,6486.838088312207,0.0,0.0,-5052.647427101568,-1434.1906612106393,0.0,3128.4812817318907,0.0,0.0,-3128.4812817318907,-0.0
t85,0.0,2962.28069060265,0.0,5738.42196804652,8180.297408341888,-16881.000066991055,0.0,6486.838088312207,0.0,0.0,-5052.647427101568,-1434.1906612106393,0.0,3128.4812817318907,0.0,0.0,-3128.4812817318907,-0.0
t86,0.0,2962.28069060265,0.0,5738.42196804652,8180.297408341888,-16881.000066991055,0.0,6486.838088312207,0.0,0.0,-5052.647427101568,-1434.1906612106393,0.0,3128.4812817318907,0.0,0.0,-3128.4812817318907,-0.0
t87,0.0,2962.28069060265,0.0,5738.42196804652,8180.297408341888,-16881.000066991055,0.0,6486.838088312207,0.0,0.0,-5052.647427101568,-1434.1906612106393,0.0,3128.4812817318907,0.0,0.0,-3128.4812817318907,-0.0
t88,0.0,2962.28069060265,0.0,5738.42196804652,8180.297408341888,-16881.000066991055,0.0,6486.838088312207,0.0,0.0,-5052.647427101568,-1434.1906612106393,0.0,3128.4812817318907,0.0,0.0,-3128.4812817318907,-0.0
t89,0.0,2962.28069060265,0.0,5738.42196804652,8180.297408341888,-16881.000066991055,0.0,6486.838088312207,0.0,0.0,-5052.647427101568,-1434.1906612106393,0.0,3128.4812817318907,0.0,0.0,-3128.4812817318907,-0.0
t90,0.0,2962.28069060265,0.0,5738.42196804652,8180.297408341888,-16881.000066991055,0.0,6486.838088312207,0.0,0.0,-5052.647427101568,-1434.1906612106393,0.0,3128.4812817318907,0.0,0.0,-3128.4812817318907,-0.0
t91,0.0,1496.2755602844434,0.0,5738.42196804652,8180.297408341888,-15414.99493667285,0.0,6486.838088312207,0.0,0.0,-5052.647427101568,-1434.1906612106393,0.0,3128.4812817318907,0.0,0.0,-3128.4812817318907,-0.0
t92,0.0,2959.8997946522263,0.0,5738.42196804652,8180.297408341888,-16878.61917104063,0.0,6486.838088312207,0.0,0.0,-5052.647427101568,-1434.1906612106393,0.0,3128.4812817318907,0.0,0.0,-3128.4812817318907,-0.0
t93,0.0,2962.28069060265,0.0,5738.42196804652,8180.297408341888,-16881.000066991055,0.0,6486.838088312207,0.0,0.0,-5052.647427101568,-1434.1906612106393,0.0,3128.4812817318907,0.0,0.0,-3128.4812817318907,-0.0
t94,0.0,2962.28069060265,0.0,5738.42196804652,8180.297408341888,-16881.000066991055,0.0,6486.838088312207,0.0,0.0,-5052.647427101568,-1434.1906612106393,0.0,3128.4812817318907,0.0,0.0,-3128.4812817318907,-0.0
t95,0.0,2962.28069060265,0.0,5738.42196804652,8180.297408341888,-16881.000066991055,0.0,6486.838088312207,0.0,0.0,-5052.647427101568,-1434.1906612106393,0.0,3128.4812817318907,0.0,0.0,-3128.4812817318907,-0.0
t96,0.0,2962.28069060265,0.0,5738.42196804652,8180.297408341888,-16881.000066991055,0.0,6486.838088312207,0.0,0.0,-5052.647427101568,-1434.1906612106393,0.0,3128.4812817318907,0.0,0.0,-3128.4812817318907,-0.0
t97,0.0,2962.28069060265,0.0,5738.42196804652,8180.297408341888,-16881.000066991055,0.0,6486.838088312207,0.0,0.0,-5052.647427101568,-1434.1906612106393,0.0,3128.4812817318907,0.0,0.0,-3128.4812817318907,-0.0
t98,0.0,2962.28069060265,0.0,5738.42196804652,8180.297408341888,-16881.000066991055,0.0,6486.838088312207,0.0,0.0,-5052.647427101568,-1434.1906612106393,0.0,3128.4812817318907,0.0,0.0,-3128.4812817318907,-0.0
t99,0.0,2962.28069060265,0.0,5738.42196804652,8180.297408341888,-16881.000066991055,0.0,6486.838088312207,0.0,0.0,-5052.647427101568,-1434.1906612106393,0.0,3128.4812817318907,0.0,0.0,-3128.4812817318907,-0.0
t100,0.0,2962.28069060265,0.0,5738.42196804652,8180.297408341888,-16881.000066991055,0.0,6486.838088312207,0.0,0.0,-5052.647427101568,-1434.1906612106393,0.0,3128.4812817318907,0.0,0.0,-3128.4812817318907,-0.0
t101,0.0,2962.28069060265,0.0,5738.42196804652,8180.297408341888,-16881.000066991055,0.0,6486.838088312207,0.0,0.0,-5052.647427101568,-1434.1906612106393,0.0,3128.4812817318907,0.0,0.0,-3128.4812817318907,-0.0
t102,0.0,2962.28069060265,0.0,5738.42196804652,8180.297408341888,-16881.000066991055,0.0,6486.838088312207,0.0,0.0,-5052.647427101568,-1434.1906612106393,0.0,3128.4812817318907,0.0,0.0,-3128.4812817318907,-0.0
t103,0.0,2962.28069060265,0.0,5738.42196804652,8180.297408341888,-16881.000066991055,0.0,6486.838088312207,0.0,0.0,-5052.647427101568,-1434.1906612106393,0.0,3128.4812817318907,0.0,0.0,-3128.4812817318907,-0.0
t104,0.0,2962.28069060265,0.0,5738.42196804652,8180.297408341888,-16881.000066991055,0.0,6486.838088312207,0.0,0.0,-5052.647427101568,-1434.1906612106393,0.0,3128.4812817318907,0.0,0.0,-3128.4812817318907,-0.0
t105,0.0,2962.28069060265,0.0,5738.42196804652,8180.297408341888,-16881.000066991055,0.0,6486.838088312207,0.0,0.0,-5052.647427101568,-1434.1906612106393,0.0,3128.4812817318907,0.0,0.0,-3128.4812817318907,-0.0
t106,0.0,2962.28069060265,0.0,5738.42196804652,8180.297408341888,-16881.000066991055,0.0,6486.838088312207,0.0,0.0,-5052.647427101568,-1434.1906612106393,0.0,3128.4812817318907,0.0,0.0,-3128.4812817318907,-0.0
t107,0.0,2962.28069060265,0.0,5738.42196804652,8180.297408341888,-16881.000066991055,0.0,6486.838088312207,0.0,0.0,-5052.647427101568,-1434.1906612106393,0.0,3128.4812817318907,0.0,0.0,-3128.4812817318907,-0.0
t108,0.0,2962.28069060265,0.0,5738.42196804652,8180.297408341888,-16881.000066991055,0.0,6486.838088312207,0.0,0.0,-5052.647427101568,-1434.1906612106393,0.0,3128.4812817318907,0.0,0.0,-3128.4812817318907,-0.0
t109,0.0,2962.28069060265,0.0,5738.42196804652,8180.297408341888,-16881.000066991055,0.0,6486.838088312207,0.0,0.0,-5052.647427101568,-1434.1906612106393,0.0,3128.4812817318907,0.0,0.0,-3128.4812817318907,-0.0
t110,0.0,2962.28069060265,0.0,5738.42196804652,8180.297408341888,-16881.000066991055,0.0,6486.838088312207,0.0,0.0,-5052.647427101568,-1434.1906612106393,0.0,3128.4812817318907,0.0,0.0,-3128.4812817318907,-0.0
t111,0.0,2962.28069060265,0.0,5738.42196804652,8180.297408341888,-16881.000066991055,0.0,6486.838088312207,0.0,0.0,-5052.647427101568,-1434.1906612106393,0.0,3128.4812817318907,0.0,0.0,-3128.4812817318907,-0.0
t112,0.0,2962.28069060265,0.0,5738.42196804652,8180.297408341888,-16881.000066991055,0.0,6486.838088312207,0.0,0.0,-5052.647427101568,-1434.1906612106393,0.0,3128.4812817318907,0.0,0.0,-3128.4812817318907,-0.0
t113,0.0,2962.28069060265,0.0,5738.42196804652,8180.297408341888,-16881.000066991055,0.0,6486.838088312207,0.0,0.0,-5052.647427101568,-1434.1906612106393,0.0,3128.4812817318907,0.0,0.0,-3128.4812817318907,-0.0
t114,0.0,2962.28069060265,0.0,5738.42196804652,8180.297408341888,-16881.000066991055,0.0,6486.838088312207,0.0,0.0,-5052.647427101568,-1434.1906612106393,0.0,3128.4812817318907,0.0,0.0,-3128.4812817318907,-0.0
t115,0.0,2962.28069060265,0.0,5738.42196804652,8180.297408341888,-16881.000066991055,0.0,6486.838088312207,0.0,0.0,-5052.647427101568,-1434.1906612106393,0.0,3128.4812817318907,0.0,0.0,-3128.4812817318907,-0.0
t116,0.0,2962.28069060265,0.0,5738.42196804652,0.0,-8700.70265864917,0.0,6486.838088312207,0.0,0.0,3128.2513214670125,-9615.089409779219,0.0,3128.4812817318907,0.0,0.0,-3128.4812817318907,-0.0
t117,0.0,2962.28069060265,0.0,5738.42196804652,8180.297408341888,-16881.000066991055,0.0,6486.838088312207,0.0,0.0,-5052.647427101568,-1434.1906612106393,0.0,3128.4812817318907,0.0,0.0,-3128.4812817318907,-0.0
t118,0.0,2962.28069060265,0.0,5738.42196804652,8180.297408341888,-16881.000066991055,0.0,6486.838088312207,0.0,0.0,-5052.647427101568,-1434.1906612106393,0.0,3128.4812817318907,0.0,0.0,-3128.4812817318907,-0.0
t119,0.0,2962.28069060265,0.0,5738.42196804652,8180.297408341888,-16881.000066991055,0.0,6486.838088312207,0.0,0.0,-5052.647427101568,-1434.1906612106393,0.0,3128.4812817318907,0.0,0.0,-3128.4812817318907,-0.0
t120,0.0,2962.28069060265,0.0,5738.42196804652,8180.297408341888,-16881.000066991055,0.0,6486.838088312207,0.0,0.0,-5052.647427101568,-1434.1906612106393,0.0,3128.4812817318907,0.0,0.0,-3128.4812817318907,-0.0
t121,0.0,2962.28069060265,0.0,5738.42196804652,8180.297408341888,-16881.000066991055,0.0,6486.838088312207,0.0,0.0,-5052.647427101568,-1434.1906612106393,0.0,3128.4812817318907,0.0,0.0,-3128.4812817318907,-0.0
t122,0.0,2962.28069060265,0.0,5738.42196804652,8180.297408341888,-16881.000066991055,0.0,6486.838088312207,0.0,0.0,-5052.647427101568,-1434.1906612106393,0.0,3128.4812817318907,0.0,0.0,-3128.4812817318907,-0.0
t123,0.0,2962.28069060265,0.0,5738.42196804652,8180.297408341888,-16881.000066991055,0.0,6486.838088312207,0.0,0.0,-5052.647427101568,-1434.1906612106393,0.0,3128.4812817318907,0.0,0.0,-3128.4812817318907,-0.0
t124,0.0,2962.28069060265,0.0,5738.42196804652,8180.297408341888,-16881.000066991055,0.0,6486.838088312207,0.0,0.0,-5052.647427101568,-1434.1906612106393,0.0,3128.4812817318907,0.0,0.0,-3128.4812817318907,-0.0
t125,0.0,2962.28069060265,0.0,5738.42196804652,8180.297408341888,-16881.000066991055,0.0,6486.838088312207,0.0,0.0,-5052.647427101568,-1434.1906612106393,0.0,3128.4812817318907,0.0,0.0,-3128.4812817318907,-0.0
t126,0.0,2962.28069060265,0.0,5738.42196804652,8180.297408341888,-16881.000066991055,0.0,6486.838088312207,0.0,0.0,-5052.647427101568,-1434.1906612106393,0.0,3128.4812817318907,0.0,0.0,-3128.4812817318907,-0.0
t127,0.0,2962.28069060265,0.0,5738.42196804652,8180.297408341888,-16881.000066991055,0.0,6486.838088312207,0.0,0.0,-5052.647427101568,-1434.1906612106393,0.0,3128.4812817318907,0.0,0.0,-3128.4812817318907,-0.0
t128,0.0,2962.28069060265,0.0,5738.42196804652,8180.297408341888,-16881.000066991055,0.0,6486.838088312207,0.0,0.0,-5052.647427101568,-1434.1906612106393,0.0,3128.4812817318907,0.0,0.0,-3128.4812817318907,-0.0
t129,0.0,2962.28069060265,0.0,5738.42196804652,8180.297408341888,-16881.000066991055,0.0,6486.838088312207,0.0,0.0,-5052.647427101568,-1434.1906612106393,0.0,3128.4812817318907,0.0,0.0,-3128.4812817318907,-0.0
t130,0.0,2962.28069060265,0.0,5738.42196804652,8180.297408341888,-16881.000066991055,0.0,6486.838088312207,0.0,0.0,-5052.647427101568,-1434.1906612106393,0.0,3128.4812817318907,0.0,0.0,-3128.4812817318907,-0.0
t131,0.0,2962.28069060265,0.0,5738.42196804652,8180.297408341888,-16881.000066991055,0.0,6486.838088312207,0.0,0.0,-5052.647427101568,-1434.1906612106393,0.0,3128.4812817318907,0.0,0.0,-3128.4812817318907,-0.0
t132,0.0,2962.28069060265,0.0,5738.42196804652,8180.297408341888,-16881.000066991055,0.0,6486.838088312207,0.0,0.0,-5052.647427101568,-1434.1906612106393,0.0,3128.4812817318907,0.0,0.0,-3128.4812817318907,-0.0
t133,0.0,2962.28069060265,0.0,5738.42196804652,8180.297408341888,-16881.000066991055,0.0,6486.838088312207,0.0,0.0,-5052.647427101568,-1434.1906612106393,0.0,3128.4812817318907,0.0,0.0,-3128.4812817318907,-0.0
t134,0.0,2962.28069060265,0.0,5738.42196804652,8180.297408341888,-16881.000066991055,0.0,6486.838088312207,0.0,0.0,-5052.647427101568,-1434.1906612106393,0.0,3128.4812817318907,0.0,0.0,-3128.4812817318907,-0.0
t135,0.0,2962.28069060265,0.0,5738.42196804652,8180.297408341888,-16881.000066991055,0.0,6486.838088312207,0.0,0.0,-5052.647427101568,-1434.1906612106393,0.0,3128.4812817318907,0.0,0.0,-3128.4812817318907,-0.0
t136,0.0,2962.28069060265,0.0,5738.42196804652,8180.297408341888,-16881.000066991055,0.0,6486.838088312207,0.0,0.0,-5052.647427101568,-1434.1906612106393,0.0,3128.4812817318907,0.0,0.0,-3128.4812817318907,-0.0
t137,0.0,2962.28069060265,0.0,5738.42196804652,8180.297408341888,-16881.000066991055,0.0,6486.838088312207,0.0,0.0,-5052.647427101568,-1434.1906612106393,0.0,3128.4812817318907,0.0,0.0,-3128.4812817318907,-0.0
t138,0.0,2962.28069060265,0.0,5738.42196804652,8180.297408341888,-16881.000066991055,0.0,6486.838088312207,0.0,0.0,-5052.647427101568,-1434.1906612106393,0.0,3128.4812817318907,0.0,0.0,-3128.4812817318907,-0.0
t139,0.0,2962.28069060265,0.0,5738.42196804652,8180.297408341888,-16881.000066991055,0.0,6486.838088312207,0.0,0.0,-5052.647427101568,-1434.1906612106393,0.0,3128.4812817318907,0.0,0.0,-3128.4812817318907,-0.0
t140,0.0,2962.28069060265,0.0,5738.42196804652,8180.297408341888,-16881.000066991055,0.0,6486.838088312207,0.0,0.0,-5052.647427101568,-1434.1906612106393,0.0,3128.4812817318907,0.0,0.0,-3128.4812817318907,-0.0
t141,0.0,2962.28069060265,0.0,5738.42196804652,8180.297408341888,-16881.000066991055,0.0,6486.838088312207,0.0,0.0,-5052.647427101568,-1434.1906612106393,0.0,3128.4812817318907,0.0,0.0,-3128.4812817318907,-0.0
t142,0.0,2962.28069060265,0.0,5738.42196804652,8180.297408341888,-16881.000066991055,0.0,6486.838088312207,0.0,0.0,-5052.647427101568,-1434.1906612106393,0.0,3128.4812817318907,0.0,0.0,-3128.4812817318907,-0.0
t143,0.0,2962.28069060265,0.0,5738.42196804652,8180.297408341888,-16881.000066991055,0.0,6486.838088312207,0.0,0.0,-5052.647427101568,-1434.1906612106393,0.0,3128.4812817318907,0.0,0.0,-3128.4812817318907,-0.0
t144,0.0,2962.28069060265,0.0,5738.42196804652,8180.297408341888,-16881.000066991055,0.0,6486.838088312207,0.0,0.0,-5052.647427101568,-1434.1906612106393,0.0,3128.4812817318907,0.0,0.0,-3128.4812817318907,-0.0
t145,0.0,2962.28069060265,0.0,5738.42196804652,8180.297408341888,-16881.000066991055,0.0,6486.838088312207,0.0,0.0,-5052.647427101568,-1434.1906612106393,0.0,3128.4812817318907,0.0,0.0,-3128.4812817318907,-0.0
t146,0.0,2962.28069060265,0.0,5738.42196804652,8180.297408341888,-16881.000066991055,0.0,6486.838088312207,0.0,0.0,-5052.647427101568,-1434.1906612106393,0.0,3128.4812817318907,0.0,0.0,-3128.4812817318907,-0.0
t147,0.0,2962.28069060265,0.0,5738.42196804652,8180.297408341888,-16881.000066991055,0.0,6486.838088312207,0.0,0.0,-5052.647427101568,-1434.1906612106393,0.0,3128.4812817318907,0.0,0.0,-3128.4812817318907,-0.0
t148,0.0,2962.28069060265,0.0,5738.42196804652,8180.297408341888,-16881.000066991055,0.0,6486.838088312207,0.0,0.0,-5052.647427101568,-1434.1906612106393,0.0,3128.4812817318907,0.0,0.0,-3128.4812817318907,-0.0
t149,0.0,2962.28069060265,0.0,5738.42196804652,8180.297408341888,-16881.000066991055,0.0,6486.838088312207,0.0,0.0,-5052.647427101568,-1434.1906612106393,0.0,3128.4812817318907,0.0,0.0,-3128.4812817318907,-0.0
t150,0.0,2962.28069060265,0.0,5738.42196804652,8180.297408341888,-16881.000066991055,0.0,6486.838088312207,0.0,0.0,-5052.647427101568,-1434.1906612106393,0.0,3128.4812817318907,0.0,0.0,-3128.4812817318907,-0.0
t151,0.0,2962.28069060265,0.0,5738.42196804652,8180.297408341888,-16881.000066991055,0.0,6486.838088312207,0.0,0.0,-5052.647427101568,-1434.1906612106393,0.0,3128.4812817318907,0.0,0.0,-3128.4812817318907,-0.0
t152,0.0,2962.28069060265,0.0,5738.42196804652,8180.297408341888,-16881.000066991055,0.0,6486.838088312207,0.0,0.0,-5052.647427101568,-1434.1906612106393,0.0,3128.4812817318907,0.0,0.0,-3128.4812817318907,-0.0
t153,0.0,2962.28069060265,0.0,5738.42196804652,8180.297408341888,-16881.000066991055,0.0,6486.838088312207,0.0,0.0,-5052.647427101568,-1434.1906612106393,0.0,3128.4812817318907,0.0,0.0,-3128.4812817318907,-0.0
t154,0.0,2962.28069060265,0.0,5738.42196804652,8180.297408341888,-16881.000066991055,0.0,6486.838088312207,0.0,0.0,-5052.647427101568,-1434.1906612106393,0.0,3128.4812817318907,0.0,0.0,-3128.4812817318907,-0.0
t155,0.0,2962.28069060265,0.0,5738.42196804652,8180.297408341888,-16881.000066991055,0.0,6486.838088312207,0.0,0.0,-5052.647427101568,-1434.1906612106393,0.0,3128.4812817318907,0.0,0.0,-3128.4812817318907,-0.0
t156,0.0,2962.28069060265,0.0,5738.42196804652,8180.297408341888,-16881.000066991055,0.0,6486.838088312207,0.0,0.0,-5052.647427101568,-1434.1906612106393,0.0,3128.4812817318907,0.0,0.0,-3128.4812817318907,-0.0
t157,0.0,2962.28069060265,0.0,5738.42196804652,8180.297408341888,-16881.000066991055,0.0,6486.838088312207,0.0,0.0,-5052.647427101568,-1434.1906612106393,0.0,3128.4812817318907,0.0,0.0,-3128.4812817318907,-0.0
t158,0.0,2962.28069060265,0.0,5738.42196804652,8180.297408341888,-16881.000066991055,0.0,6486.838088312207,0.0,0.0,-5052.647427101568,-1434.1906612106393,0.0,3128.4812817318907,0.0,0.0,-3128.4812817318907,-0.0
t159,0.0,2962.28069060265,0.0,5738.42196804652,8180.297408341888,-16881.000066991055,0.0,6486.838088312207,0.0,0.0,-5537.57725905977,-949.2608292524367,0.0,2643.515802192613,0.0,0.0,-2643.515802192613,-0.0
t160,0.0,2962.28069060265,0.0,5738.42196804652,8180.297408341888,-16881.000066991055,0.0,6486.838088312207,0.0,0.0,-5052.647427101568,-1434.1906612106393,0.0,3128.4812817318907,0.0,0.0,-3128.4812817318907,-0.0
t161,0.0,2962.28069060265,0.0,5738.42196804652,8180.297408341888,-16881.000066991055,0.0,6486.838088312207,0.0,0.0,-5052.647427101568,-1434.1906612106393,0.0,3128.4812817318907,0.0,0.0,-3128.4812817318907,-0.0
t162,0.0,2962.28069060265,0.0,5738.42196804652,8180.297408341888,-16881.000066991055,0.0,6486.838088312207,0.0,0.0,-5052.647427101568,-1434.1906612106393,0.0,3128.4812817318907,0.0,0.0,-3128.4812817318907,-0.0
t163,0.0,2962.28069060265,0.0,5738.42196804652,8180.297408341888,-16881.000066991055,0.0,6486.838088312207,0.0,0.0,-5052.647427101568,-1434.1906612106393,0.0,3128.4812817318907,0.0,0.0,-3128.4812817318907,-0.0
t164,0.0,2962.28069060265,0.0,5738.42196804652,8180.297408341888,-16881.000066991055,0.0,6486.838088312207,0.0,0.0,-5052.647427101568,-1434.1906612106393,0.0,3128.4812817318907,0.0,0.0,-3128.4812817318907,-0.0
t165,0.0,2962.28069060265,0.0,5738.42196804652,8180.297408341888,-16881.000066991055,0.0,6486.838088312207,0.0,0.0,-5052.647427101568,-1434.1906612106393,0.0,3128.4812817318907,0.0,0.0,-3128.4812817318907,-0.0
t166,0.0,2962.28069060265,0.0,5738.42196804652,8180.297408341888,-16881.000066991055,0.0,6486.838088312207,0.0,0.0,-5052.647427101568,-1434.1906612106393,0.0,3128.4812817318907,0.0,0.0,-3128.4812817318907,-0.0
t167,0.0,2962.28069060265,0.0,5738.42196804652,8180.297408341888,-16881.000066991055,0.0,6486.838088312207,0.0,0.0,-5052.647427101568,-1434.1906612106393,0.0,3128.4812817318907,0.0,0.0,-3128.4812817318907,-0.0
t168,0.0,2962.28069060265,0.0,5738.42196804652,8180.297408341888,-16881.000066991055,0.0,6486.838088312207,0.0,0.0,-5052.647427101568,-1434.1906612106393,0.0,3128.4812817318907,0.0,0.0,-3128.4812817318907,-0.0
