,Power Emissions,H2 Emissions,DAC Emissions,Biorefinery Emissions,Bioresource Emissions,DAC Capture,Biorefinery Capture,CO2 Pipeline Loss,Power Emissions,H2 Emissions,DAC Emissions,Biorefinery Emissions,Bioresource Emissions,DAC Capture,Biorefinery Capture,CO2 Pipeline Loss,Power Emissions,H2 Emissions,DAC Emissions,Biorefinery Emissions,Bioresource Emissions,DAC Capture,Biorefinery Capture,CO2 Pipeline Loss
Zone,1,1,1,1,1,1,1,1,2,2,2,2,2,2,2,2,3,3,3,3,3,3,3,3
AnnualSum,1.3249302034350969e7,1.6860250005149315e6,0.0,276865.43114569044,1.8446401453519776e6,0.0,-4.7990008065253004e7,0.0,2.228704952289165e7,3.5460522817705665e6,0.0,0.0,0.0,0.0,0.0,5073.93374683099,3.40539882508535e6,1.6876574101380678e6,0.0,0.0,0.0,0.0,0.0,1943.4802571509167
t1,0.0,197.23129720933116,0.0,31.605642824850523,210.57535905844477,-0.0,-5478.311422974092,0.0,4486.573323819418,405.26637439957744,0.0,0.0,0.0,-0.0,-0.0,0.5826845415112288,423.89998503479086,192.70651308988263,0.0,0.0,0.0,-0.0,-0.0,0.22191784977493834
t2,0.0,197.23129720933116,0.0,31.605642824850523,210.57535905844477,-0.0,-5478.311422974092,0.0,0.0,405.26637439957744,0.0,0.0,0.0,-0.0,-0.0,0.5826845415112288,0.0,192.70651308988263,0.0,0.0,0.0,-0.0,-0.0,0.2219178497749383
t3,0.0,197.23129720933116,0.0,31.605642824850523,210.57535905844477,-0.0,-5478.311422974092,0.0,0.0,405.26637439957744,0.0,0.0,0.0,-0.0,-0.0,0.5826845415112288,0.0,192.70651308988263,0.0,0.0,0.0,-0.0,-0.0,0.22191784977493834
t4,0.0,197.23129720933116,0.0,31.605642824850523,210.57535905844477,-0.0,-5478.311422974092,0.0,0.0,405.26637439957744,0.0,0.0,0.0,-0.0,-0.0,0.5826845415112288,0.0,192.70651308988263,0.0,0.0,0.0,-0.0,-0.0,0.22191784977493834
t5,0.0,197.23129720933116,0.0,31.605642824850523,210.57535905844477,-0.0,-5478.311422974092,0.0,0.0,405.26637439957744,0.0,0.0,0.0,-0.0,-0.0,0.5826845415112288,0.0,192.70651308988263,0.0,0.0,0.0,-0.0,-0.0,0.22191784977493834
t6,0.0,197.23129720933116,0.0,31.605642824850523,210.57535905844477,-0.0,-5478.311422974092,0.0,0.0,405.26637439957744,0.0,0.0,0.0,-0.0,-0.0,0.5826845415112288,0.0,192.70651308988263,0.0,0.0,0.0,-0.0,-0.0,0.22191784977493834
t7,0.0,197.23129720933116,0.0,31.605642824850523,210.57535905844477,-0.0,-5478.311422974092,0.0,0.0,405.26637439957744,0.0,0.0,0.0,-0.0,-0.0,0.5826845415112288,0.0,192.70651308988263,0.0,0.0,0.0,-0.0,-0.0,0.22191784977493834
t8,0.0,197.23129720933116,0.0,31.605642824850523,210.57535905844477,-0.0,-5478.311422974092,0.0,0.0,405.26637439957744,0.0,0.0,0.0,-0.0,-0.0,0.5826845415112288,0.0,192.70651308988263,0.0,0.0,0.0,-0.0,-0.0,0.22191784977493834
t9,0.0,197.23129720933116,0.0,31.605642824850523,210.57535905844477,-0.0,-5478.311422974092,0.0,0.0,405.26637439957744,0.0,0.0,0.0,-0.0,-0.0,0.5826845415112288,0.0,192.70651308988263,0.0,0.0,0.0,-0.0,-0.0,0.22191784977493834
t10,0.0,197.23129720933116,0.0,31.605642824850523,210.57535905844477,-0.0,-5478.311422974092,0.0,0.0,405.26637439957744,0.0,0.0,0.0,-0.0,-0.0,0.5826845415112288,0.0,192.70651308988263,0.0,0.0,0.0,-0.0,-0.0,0.2219178497749383
t11,0.0,197.23129720933116,0.0,31.605642824850523,210.57535905844477,-0.0,-5478.311422974092,0.0,0.0,405.26637439957744,0.0,0.0,0.0,-0.0,-0.0,0.5826845415112288,0.0,192.7065130898826,0.0,0.0,0.0,-0.0,-0.0,0.2219178497749383
t12,0.0,197.23129720933116,0.0,31.605642824850523,210.57535905844477,-0.0,-5478.311422974092,0.0,0.0,405.26637439957744,0.0,0.0,0.0,-0.0,-0.0,0.5826845415112288,0.0,192.7065130898826,0.0,0.0,0.0,-0.0,-0.0,0.2219178497749383
t13,0.0,197.23129720933116,0.0,31.605642824850523,210.57535905844477,-0.0,-5478.311422974092,0.0,0.0,405.26637439957744,0.0,0.0,0.0,-0.0,-0.0,0.5826845415112288,0.0,192.70651308988263,0.0,0.0,0.0,-0.0,-0.0,0.22191784977493834
t14,0.0,197.23129720933116,0.0,31.605642824850523,210.57535905844477,-0.0,-5478.311422974092,0.0,0.0,405.26637439957744,0.0,0.0,0.0,-0.0,-0.0,0.5826845415112288,0.0,192.70651308988263,0.0,0.0,0.0,-0.0,-0.0,0.2219178497749383
t15,0.0,197.23129720933116,0.0,31.605642824850523,210.57535905844477,-0.0,-5478.311422974092,0.0,0.0,405.26637439957744,0.0,0.0,0.0,-0.0,-0.0,0.5826845415112288,0.0,192.70651308988263,0.0,0.0,0.0,-0.0,-0.0,0.2219178497749383
t16,0.0,197.23129720933116,0.0,31.605642824850523,210.57535905844477,-0.0,-5478.311422974092,0.0,391.1730497053394,367.3053977637558,0.0,0.0,0.0,-0.0,-0.0,0.5826845415112288,0.0,192.70651308988263,0.0,0.0,0.0,-0.0,-0.0,0.2219178497749383
t17,0.0,197.23129720933116,0.0,31.605642824850523,210.57535905844477,-0.0,-5478.311422974092,0.0,4877.7463735247575,405.26637439957744,0.0,0.0,0.0,-0.0,-0.0,0.5826845415112288,0.0,192.70651308988263,0.0,0.0,0.0,-0.0,-0.0,0.2219178497749383
t18,0.0,197.23129720933116,0.0,31.605642824850523,210.57535905844477,-0.0,-5478.311422974092,0.0,3519.6314262733235,405.26637439957744,0.0,0.0,0.0,-0.0,-0.0,0.5826845415112288,0.0,192.70651308988263,0.0,0.0,0.0,-0.0,-0.0,0.22191784977493834
t19,5275.374796018862,147.2820362382103,0.0,31.605642824850523,210.57535905844477,-0.0,-5478.311422974092,0.0,5115.416051353317,405.26637439957744,0.0,0.0,0.0,-0.0,-0.0,0.5826845415112288,0.0,192.70651308988263,0.0,0.0,0.0,-0.0,-0.0,0.2219178497749383
t20,6462.5710936127,48.666387633544744,0.0,31.605642824850523,210.57535905844477,-0.0,-5478.311422974092,0.0,6138.362326214094,405.26637439957744,0.0,0.0,0.0,-0.0,-0.0,0.5826845415112288,0.0,192.70651308988263,0.0,0.0,0.0,-0.0,-0.0,0.2219178497749383
t21,846.514889004597,147.2820362382103,0.0,31.605642824850523,210.57535905844477,-0.0,-5478.311422974092,0.0,1651.7890023946754,405.26637439957744,0.0,0.0,0.0,-0.0,-0.0,0.5826845415112288,0.0,192.70651308988263,0.0,0.0,0.0,-0.0,-0.0,0.22191784977493834
t22,0.0,197.23129720933116,0.0,31.605642824850523,210.57535905844477,-0.0,-5478.311422974092,0.0,6138.362326214094,405.26637439957744,0.0,0.0,0.0,-0.0,-0.0,0.5826845415112288,0.0,192.70651308988263,0.0,0.0,0.0,-0.0,-0.0,0.22191784977493834
t23,0.0,197.23129720933116,0.0,31.605642824850523,210.57535905844477,-0.0,-5478.311422974092,0.0,1651.7890023946754,405.26637439957744,0.0,0.0,0.0,-0.0,-0.0,0.5826845415112288,0.0,192.70651308988263,0.0,0.0,0.0,-0.0,-0.0,0.2219178497749383
t24,0.0,197.23129720933116,0.0,31.605642824850523,210.57535905844477,-0.0,-5478.311422974092,0.0,0.0,405.26637439957744,0.0,0.0,0.0,-0.0,-0.0,0.5826845415112288,0.0,192.70651308988263,0.0,0.0,0.0,-0.0,-0.0,0.22191784977493834
t25,0.0,197.23129720933116,0.0,31.605642824850523,210.57535905844477,-0.0,-5478.311422974092,0.0,0.0,405.26637439957744,0.0,0.0,0.0,-0.0,-0.0,0.5826845415112288,0.0,192.70651308988263,0.0,0.0,0.0,-0.0,-0.0,0.22191784977493834
t26,0.0,197.23129720933116,0.0,31.605642824850523,210.57535905844477,-0.0,-5478.311422974092,0.0,0.0,405.26637439957744,0.0,0.0,0.0,-0.0,-0.0,0.5826845415112288,0.0,192.70651308988263,0.0,0.0,0.0,-0.0,-0.0,0.2219178497749383
t27,0.0,197.23129720933116,0.0,31.605642824850523,210.57535905844477,-0.0,-5478.311422974092,0.0,0.0,405.26637439957744,0.0,0.0,0.0,-0.0,-0.0,0.5826845415112288,0.0,192.70651308988263,0.0,0.0,0.0,-0.0,-0.0,0.2219178497749383
t28,0.0,197.23129720933116,0.0,31.605642824850523,210.57535905844477,-0.0,-5478.311422974092,0.0,0.0,405.26637439957744,0.0,0.0,0.0,-0.0,-0.0,0.5826845415112288,0.0,192.70651308988263,0.0,0.0,0.0,-0.0,-0.0,0.22191784977493834
t29,0.0,197.23129720933116,0.0,31.605642824850523,210.57535905844477,-0.0,-5478.311422974092,0.0,0.0,405.26637439957744,0.0,0.0,0.0,-0.0,-0.0,0.5826845415112288,0.0,192.70651308988263,0.0,0.0,0.0,-0.0,-0.0,0.2219178497749383
t30,0.0,197.23129720933116,0.0,31.605642824850523,210.57535905844477,-0.0,-5478.311422974092,0.0,0.0,405.26637439957744,0.0,0.0,0.0,-0.0,-0.0,0.5826845415112288,0.0,192.70651308988263,0.0,0.0,0.0,-0.0,-0.0,0.2219178497749383
t31,0.0,197.23129720933116,0.0,31.605642824850523,210.57535905844477,-0.0,-5478.311422974092,0.0,0.0,405.26637439957744,0.0,0.0,0.0,-0.0,-0.0,0.5826845415112288,0.0,192.70651308988263,0.0,0.0,0.0,-0.0,-0.0,0.22191784977493834
t32,0.0,197.2312972093313,0.0,31.605642824850523,210.57535905844477,-0.0,-5478.311422974092,0.0,0.0,405.26637439957744,0.0,0.0,0.0,-0.0,-0.0,0.5826845415112288,0.0,192.70651308988263,0.0,0.0,0.0,-0.0,-0.0,0.22191784977493834
t33,0.0,197.23129720933116,0.0,31.605642824850523,210.57535905844477,-0.0,-5478.311422974092,0.0,0.0,405.26637439957744,0.0,0.0,0.0,-0.0,-0.0,0.5826845415112288,0.0,192.70651308988263,0.0,0.0,0.0,-0.0,-0.0,0.22191784977493834
t34,0.0,197.23129720933116,0.0,31.605642824850523,210.57535905844477,-0.0,-5478.311422974092,0.0,0.0,405.26637439957744,0.0,0.0,0.0,-0.0,-0.0,0.5826845415112288,0.0,192.70651308988263,0.0,0.0,0.0,-0.0,-0.0,0.2219178497749383
t35,0.0,197.23129720933116,0.0,31.605642824850523,210.57535905844477,-0.0,-5478.311422974092,0.0,0.0,405.26637439957744,0.0,0.0,0.0,-0.0,-0.0,0.5826845415112288,0.0,192.70651308988263,0.0,0.0,0.0,-0.0,-0.0,0.22191784977493834
t36,0.0,197.23129720933116,0.0,31.605642824850523,210.57535905844477,-0.0,-5478.311422974092,0.0,0.0,405.26637439957744,0.0,0.0,0.0,-0.0,-0.0,0.5826845415112288,0.0,192.70651308988263,0.0,0.0,0.0,-0.0,-0.0,0.2219178497749383
t37,0.0,197.23129720933116,0.0,31.605642824850523,210.57535905844477,-0.0,-5478.311422974092,0.0,0.0,405.26637439957744,0.0,0.0,0.0,-0.0,-0.0,0.5826845415112288,0.0,192.70651308988263,0.0,0.0,0.0,-0.0,-0.0,0.2219178497749383
t38,0.0,197.23129720933116,0.0,31.605642824850523,210.57535905844477,-0.0,-5478.311422974092,0.0,0.0,405.26637439957744,0.0,0.0,0.0,-0.0,-0.0,0.5826845415112288,0.0,192.70651308988263,0.0,0.0,0.0,-0.0,-0.0,0.2219178497749383
t39,0.0,197.23129720933116,0.0,31.605642824850523,210.57535905844477,-0.0,-5478.311422974092,0.0,0.0,405.26637439957744,0.0,0.0,0.0,-0.0,-0.0,0.5826845415112288,0.0,192.70651308988263,0.0,0.0,0.0,-0.0,-0.0,0.22191784977493834
t40,0.0,197.23129720933116,0.0,31.605642824850523,210.57535905844477,-0.0,-5478.311422974092,0.0,425.2522461550196,405.26637439957744,0.0,0.0,0.0,-0.0,-0.0,0.5826845415112288,0.0,192.70651308988263,0.0,0.0,0.0,-0.0,-0.0,0.22191784977493834
t41,0.0,197.23129720933116,0.0,31.605642824850523,210.57535905844477,-0.0,-5478.311422974092,0.0,0.0,405.26637439957744,0.0,0.0,0.0,-0.0,-0.0,0.5826845415112288,0.0,192.70651308988263,0.0,0.0,0.0,-0.0,-0.0,0.22191784977493834
t42,0.0,121.17675701019814,0.0,31.605642824850523,210.57535905844477,-0.0,-5478.311422974092,0.0,2523.697494648422,405.26637439957744,0.0,0.0,0.0,-0.0,-0.0,0.5826845415112288,0.0,192.70651308988263,0.0,0.0,0.0,-0.0,-0.0,0.22191784977493834
t43,204.3746239483434,22.561108405532558,0.0,31.605642824850523,210.57535905844477,-0.0,-5478.311422974092,0.0,9113.371829144051,405.26637439957744,0.0,0.0,0.0,-0.0,-0.0,0.5826845415112288,0.0,192.70651308988263,0.0,0.0,0.0,-0.0,-0.0,0.2219178497749383
t44,2321.2088576876577,0.0,0.0,31.605642824850523,210.57535905844477,-0.0,-5478.311422974092,0.0,7010.27081846784,405.26637439957744,0.0,0.0,0.0,-0.0,-0.0,0.5826845415112288,100.04262962130682,192.70651308988263,0.0,0.0,0.0,-0.0,-0.0,0.22191784977493834
t45,0.0,98.61564860466558,0.0,31.605642824850523,210.57535905844477,-0.0,-5478.311422974092,0.0,2523.697494648422,405.26637439957744,0.0,0.0,0.0,-0.0,-0.0,0.5826845415112288,347.7984297621069,192.70651308988263,0.0,0.0,0.0,-0.0,-0.0,0.2219178497749383
t46,0.0,197.23129720933116,0.0,31.605642824850523,210.57535905844477,-0.0,-5478.311422974092,0.0,0.0,405.26637439957744,0.0,0.0,0.0,-0.0,-0.0,0.5826845415112288,204.53380171315564,192.70651308988263,0.0,0.0,0.0,-0.0,-0.0,0.2219178497749383
t47,0.0,197.23129720933116,0.0,31.605642824850523,210.57535905844477,-0.0,-5478.311422974092,0.0,0.0,405.26637439957744,0.0,0.0,0.0,-0.0,-0.0,0.5826845415112288,0.0,192.70651308988263,0.0,0.0,0.0,-0.0,-0.0,0.22191784977493834
t48,0.0,197.23129720933116,0.0,31.605642824850523,210.57535905844477,-0.0,-5478.311422974092,0.0,2079.534278845101,405.26637439957744,0.0,0.0,0.0,-0.0,-0.0,0.5826845415112288,0.0,192.70651308988263,0.0,0.0,0.0,-0.0,-0.0,0.22191784977493834
t49,0.0,197.23129720933116,0.0,31.605642824850523,210.57535905844477,-0.0,-5478.311422974092,0.0,0.0,405.26637439957744,0.0,0.0,0.0,-0.0,-0.0,0.5826845415112288,0.0,192.70651308988263,0.0,0.0,0.0,-0.0,-0.0,0.22191784977493834
t50,0.0,197.23129720933116,0.0,31.605642824850523,210.57535905844477,-0.0,-5478.311422974092,0.0,0.0,405.26637439957744,0.0,0.0,0.0,-0.0,-0.0,0.5826845415112288,0.0,192.70651308988263,0.0,0.0,0.0,-0.0,-0.0,0.2219178497749383
t51,0.0,197.23129720933116,0.0,31.605642824850523,210.57535905844477,-0.0,-5478.311422974092,0.0,0.0,405.26637439957744,0.0,0.0,0.0,-0.0,-0.0,0.5826845415112288,0.0,192.70651308988263,0.0,0.0,0.0,-0.0,-0.0,0.22191784977493834
t52,0.0,197.23129720933116,0.0,31.605642824850523,210.57535905844477,-0.0,-5478.311422974092,0.0,0.0,405.26637439957744,0.0,0.0,0.0,-0.0,-0.0,0.5826845415112288,0.0,192.70651308988263,0.0,0.0,0.0,-0.0,-0.0,0.2219178497749383
t53,0.0,197.23129720933116,0.0,31.605642824850523,210.57535905844477,-0.0,-5478.311422974092,0.0,0.0,405.26637439957744,0.0,0.0,0.0,-0.0,-0.0,0.5826845415112288,0.0,192.70651308988263,0.0,0.0,0.0,-0.0,-0.0,0.2219178497749383
t54,0.0,197.23129720933116,0.0,31.605642824850523,210.57535905844477,-0.0,-5478.311422974092,0.0,0.0,405.26637439957744,0.0,0.0,0.0,-0.0,-0.0,0.5826845415112288,0.0,192.70651308988263,0.0,0.0,0.0,-0.0,-0.0,0.22191784977493834
t55,0.0,197.23129720933116,0.0,31.605642824850523,210.57535905844477,-0.0,-5478.311422974092,0.0,0.0,405.26637439957744,0.0,0.0,0.0,-0.0,-0.0,0.5826845415112288,0.0,192.70651308988263,0.0,0.0,0.0,-0.0,-0.0,0.22191784977493834
t56,0.0,197.23129720933116,0.0,31.605642824850523,210.57535905844477,-0.0,-5478.311422974092,0.0,0.0,405.26637439957744,0.0,0.0,0.0,-0.0,-0.0,0.5826845415112288,0.0,192.70651308988263,0.0,0.0,0.0,-0.0,-0.0,0.2219178497749383
t57,0.0,197.23129720933116,0.0,31.605642824850523,210.57535905844477,-0.0,-5478.311422974092,0.0,0.0,405.26637439957744,0.0,0.0,0.0,-0.0,-0.0,0.5826845415112288,0.0,192.70651308988263,0.0,0.0,0.0,-0.0,-0.0,0.22191784977493834
t58,0.0,197.23129720933116,0.0,31.605642824850523,210.57535905844477,-0.0,-5478.311422974092,0.0,0.0,405.26637439957744,0.0,0.0,0.0,-0.0,-0.0,0.5826845415112288,0.0,192.70651308988263,0.0,0.0,0.0,-0.0,-0.0,0.22191784977493834
t59,0.0,197.23129720933116,0.0,31.605642824850523,210.57535905844477,-0.0,-5478.311422974092,0.0,0.0,405.26637439957744,0.0,0.0,0.0,-0.0,-0.0,0.5826845415112288,0.0,192.70651308988263,0.0,0.0,0.0,-0.0,-0.0,0.22191784977493834
t60,0.0,197.23129720933116,0.0,31.605642824850523,210.57535905844477,-0.0,-5478.311422974092,0.0,0.0,405.26637439957744,0.0,0.0,0.0,-0.0,-0.0,0.5826845415112288,0.0,192.70651308988263,0.0,0.0,0.0,-0.0,-0.0,0.2219178497749383
t61,0.0,197.23129720933116,0.0,31.605642824850523,210.57535905844477,-0.0,-5478.311422974092,0.0,0.0,405.26637439957744,0.0,0.0,0.0,-0.0,-0.0,0.5826845415112288,247.75580014080006,192.70651308988263,0.0,0.0,0.0,-0.0,-0.0,0.22191784977493834
t62,0.0,197.23129720933116,0.0,31.605642824850523,210.57535905844477,-0.0,-5478.311422974092,0.0,0.0,405.26637439957744,0.0,0.0,0.0,-0.0,-0.0,0.5826845415112288,387.1184377200001,192.70651308988263,0.0,0.0,0.0,-0.0,-0.0,0.2219178497749383
t63,0.0,197.23129720933116,0.0,31.605642824850523,210.57535905844477,-0.0,-5478.311422974092,0.0,0.0,405.26637439957744,0.0,0.0,0.0,-0.0,-0.0,0.5826845415112288,387.1184377200001,192.70651308988263,0.0,0.0,0.0,-0.0,-0.0,0.22191784977493834
t64,0.0,197.23129720933116,0.0,31.605642824850523,210.57535905844477,-0.0,-5478.311422974092,0.0,0.0,405.26637439957744,0.0,0.0,0.0,-0.0,-0.0,0.5826845415112288,387.1184377200001,192.70651308988263,0.0,0.0,0.0,-0.0,-0.0,0.2219178497749383
t65,0.0,197.23129720933116,0.0,31.605642824850523,210.57535905844477,-0.0,-5478.311422974092,0.0,4264.770454919107,405.26637439957744,0.0,0.0,0.0,-0.0,-0.0,0.5826845415112288,387.1184377200001,192.70651308988263,0.0,0.0,0.0,-0.0,-0.0,0.22191784977493834
t66,0.0,197.23129720933116,0.0,31.605642824850523,210.57535905844477,-0.0,-5478.311422974092,0.0,0.0,405.26637439957744,0.0,0.0,0.0,-0.0,-0.0,0.5826845415112288,1023.9071795770536,192.70651308988263,0.0,0.0,0.0,-0.0,-0.0,0.2219178497749383
t67,0.0,197.23129720933116,0.0,31.605642824850523,210.57535905844477,-0.0,-5478.311422974092,0.0,0.0,405.26637439957744,0.0,0.0,0.0,-0.0,-0.0,0.5826845415112288,917.6420152805172,192.70651308988263,0.0,0.0,0.0,-0.0,-0.0,0.2219178497749383
t68,0.0,197.23129720933116,0.0,31.605642824850523,210.57535905844477,-0.0,-5478.311422974092,0.0,2309.180952464654,405.26637439957744,0.0,0.0,0.0,-0.0,-0.0,0.5826845415112288,387.1184377200001,192.70651308988263,0.0,0.0,0.0,-0.0,-0.0,0.22191784977493834
t69,0.0,197.23129720933116,0.0,31.605642824850523,210.57535905844477,-0.0,-5478.311422974092,0.0,0.0,405.26637439957744,0.0,0.0,0.0,-0.0,-0.0,0.5826845415112288,387.1184377200001,192.70651308988263,0.0,0.0,0.0,-0.0,-0.0,0.2219178497749383
t70,0.0,197.23129720933116,0.0,31.605642824850523,210.57535905844477,-0.0,-5478.311422974092,0.0,0.0,405.26637439957744,0.0,0.0,0.0,-0.0,-0.0,0.5826845415112288,387.1184377200001,192.70651308988263,0.0,0.0,0.0,-0.0,-0.0,0.2219178497749383
t71,0.0,197.23129720933116,0.0,31.605642824850523,210.57535905844477,-0.0,-5478.311422974092,0.0,0.0,405.26637439957744,0.0,0.0,0.0,-0.0,-0.0,0.5826845415112288,387.1184377200001,192.70651308988263,0.0,0.0,0.0,-0.0,-0.0,0.2219178497749383
t72,0.0,197.23129720933116,0.0,31.605642824850523,210.57535905844477,-0.0,-5478.311422974092,0.0,0.0,405.26637439957744,0.0,0.0,0.0,-0.0,-0.0,0.5826845415112288,247.75580014080006,192.70651308988263,0.0,0.0,0.0,-0.0,-0.0,0.2219178497749383
t73,0.0,197.23129720933116,0.0,31.605642824850523,210.57535905844477,-0.0,-5478.311422974092,0.0,0.0,405.26637439957744,0.0,0.0,0.0,-0.0,-0.0,0.5826845415112288,0.0,192.7065130898826,0.0,0.0,0.0,-0.0,-0.0,0.2219178497749383
t74,0.0,197.23129720933116,0.0,31.605642824850523,210.57535905844477,-0.0,-5478.311422974092,0.0,0.0,405.26637439957744,0.0,0.0,0.0,-0.0,-0.0,0.5826845415112288,0.0,192.70651308988263,0.0,0.0,0.0,-0.0,-0.0,0.22191784977493834
t75,0.0,197.23129720933116,0.0,31.605642824850523,210.57535905844477,-0.0,-5478.311422974092,0.0,0.0,405.26637439957744,0.0,0.0,0.0,-0.0,-0.0,0.5826845415112288,0.0,192.70651308988263,0.0,0.0,0.0,-0.0,-0.0,0.22191784977493834
t76,0.0,197.23129720933116,0.0,31.605642824850523,210.57535905844477,-0.0,-5478.311422974092,0.0,0.0,405.26637439957744,0.0,0.0,0.0,-0.0,-0.0,0.5826845415112288,0.0,192.70651308988263,0.0,0.0,0.0,-0.0,-0.0,0.22191784977493834
t77,0.0,197.23129720933116,0.0,31.605642824850523,210.57535905844477,-0.0,-5478.311422974092,0.0,0.0,405.26637439957744,0.0,0.0,0.0,-0.0,-0.0,0.5826845415112288,0.0,192.70651308988263,0.0,0.0,0.0,-0.0,-0.0,0.22191784977493834
t78,0.0,197.23129720933116,0.0,31.605642824850523,210.57535905844477,-0.0,-5478.311422974092,0.0,0.0,405.26637439957744,0.0,0.0,0.0,-0.0,-0.0,0.5826845415112288,0.0,192.70651308988263,0.0,0.0,0.0,-0.0,-0.0,0.22191784977493834
t79,0.0,197.23129720933116,0.0,31.605642824850523,210.57535905844477,-0.0,-5478.311422974092,0.0,0.0,405.26637439957744,0.0,0.0,0.0,-0.0,-0.0,0.5826845415112288,0.0,192.70651308988263,0.0,0.0,0.0,-0.0,-0.0,0.22191784977493834
t80,0.0,197.23129720933116,0.0,31.605642824850523,210.57535905844477,-0.0,-5478.311422974092,0.0,0.0,405.26637439957744,0.0,0.0,0.0,-0.0,-0.0,0.5826845415112288,0.0,192.70651308988263,0.0,0.0,0.0,-0.0,-0.0,0.22191784977493834
t81,0.0,197.23129720933116,0.0,31.605642824850523,210.57535905844477,-0.0,-5478.311422974092,0.0,0.0,405.26637439957744,0.0,0.0,0.0,-0.0,-0.0,0.5826845415112288,0.0,192.70651308988263,0.0,0.0,0.0,-0.0,-0.0,0.22191784977493834
t82,0.0,197.23129720933116,0.0,31.605642824850523,210.57535905844477,-0.0,-5478.311422974092,0.0,0.0,405.26637439957744,0.0,0.0,0.0,-0.0,-0.0,0.5826845415112288,0.0,192.70651308988263,0.0,0.0,0.0,-0.0,-0.0,0.22191784977493834
t83,0.0,197.23129720933116,0.0,31.605642824850523,210.57535905844477,-0.0,-5478.311422974092,0.0,0.0,405.26637439957744,0.0,0.0,0.0,-0.0,-0.0,0.5826845415112288,0.0,192.70651308988263,0.0,0.0,0.0,-0.0,-0.0,0.22191784977493834
t84,0.0,197.23129720933116,0.0,31.605642824850523,210.57535905844477,-0.0,-5478.311422974092,0.0,0.0,405.26637439957744,0.0,0.0,0.0,-0.0,-0.0,0.5826845415112288,0.0,192.70651308988263,0.0,0.0,0.0,-0.0,-0.0,0.22191784977493834
t85,0.0,197.23129720933116,0.0,31.605642824850523,210.57535905844477,-0.0,-5478.311422974092,0.0,0.0,405.26637439957744,0.0,0.0,0.0,-0.0,-0.0,0.5826845415112288,0.0,192.70651308988263,0.0,0.0,0.0,-0.0,-0.0,0.22191784977493834
t86,0.0,197.23129720933116,0.0,31.605642824850523,210.57535905844477,-0.0,-5478.311422974092,0.0,0.0,405.26637439957744,0.0,0.0,0.0,-0.0,-0.0,0.5826845415112288,0.0,192.70651308988263,0.0,0.0,0.0,-0.0,-0.0,0.22191784977493834
t87,0.0,197.23129720933116,0.0,31.605642824850523,210.57535905844477,-0.0,-5478.311422974092,0.0,0.0,405.26637439957744,0.0,0.0,0.0,-0.0,-0.0,0.5826845415112288,0.0,192.70651308988263,0.0,0.0,0.0,-0.0,-0.0,0.22191784977493834
t88,0.0,197.23129720933116,0.0,31.605642824850523,210.57535905844477,-0.0,-5478.311422974092,0.0,4486.573323819418,405.26637439957744,0.0,0.0,0.0,-0.0,-0.0,0.5826845415112288,0.0,192.70651308988263,0.0,0.0,0.0,-0.0,-0.0,0.22191784977493834
t89,0.0,197.23129720933116,0.0,31.605642824850523,210.57535905844477,-0.0,-5478.311422974092,0.0,0.0,405.26637439957744,0.0,0.0,0.0,-0.0,-0.0,0.5826845415112288,0.0,192.70651308988263,0.0,0.0,0.0,-0.0,-0.0,0.22191784977493834
t90,0.0,197.23129720933116,0.0,31.605642824850523,210.57535905844477,-0.0,-5478.311422974092,0.0,0.0,405.26637439957744,0.0,0.0,0.0,-0.0,-0.0,0.5826845415112288,0.0,192.70651308988263,0.0,0.0,0.0,-0.0,-0.0,0.22191784977493834
t91,0.0,192.13450964931127,0.0,31.605642824850523,210.57535905844477,-0.0,-5478.311422974092,0.0,4486.573323819418,405.26637439957744,0.0,0.0,0.0,-0.0,-0.0,0.5826845415112288,0.0,192.70651308988263,0.0,0.0,0.0,-0.0,-0.0,0.22191784977493834
t92,0.0,197.23129720933116,0.0,31.605642824850523,210.57535905844477,-0.0,-5478.311422974092,0.0,0.0,405.26637439957744,0.0,0.0,0.0,-0.0,-0.0,0.5826845415112288,0.0,192.70651308988263,0.0,0.0,0.0,-0.0,-0.0,0.22191784977493834
t93,0.0,197.23129720933116,0.0,31.605642824850523,210.57535905844477,-0.0,-5478.311422974092,0.0,0.0,364.95856805422454,0.0,0.0,0.0,-0.0,-0.0,0.5826845415112288,0.0,192.70651308988263,0.0,0.0,0.0,-0.0,-0.0,0.22191784977493834
t94,0.0,197.23129720933116,0.0,31.605642824850523,210.57535905844477,-0.0,-5478.311422974092,0.0,4486.573323819418,405.26637439957744,0.0,0.0,0.0,-0.0,-0.0,0.5826845415112288,0.0,192.70651308988263,0.0,0.0,0.0,-0.0,-0.0,0.22191784977493834
t95,0.0,197.23129720933116,0.0,31.605642824850523,210.57535905844477,-0.0,-5478.311422974092,0.0,2394.5345094589125,405.26637439957744,0.0,0.0,0.0,-0.0,-0.0,0.5826845415112288,0.0,192.70651308988263,0.0,0.0,0.0,-0.0,-0.0,0.22191784977493834
t96,0.0,197.23129720933116,0.0,31.605642824850523,210.57535905844477,-0.0,-5478.311422974092,0.0,0.0,405.26637439957744,0.0,0.0,0.0,-0.0,-0.0,0.5826845415112288,0.0,192.70651308988263,0.0,0.0,0.0,-0.0,-0.0,0.22191784977493834
t97,0.0,197.23129720933116,0.0,31.605642824850523,210.57535905844477,-0.0,-5478.311422974092,0.0,949.0586590164568,405.26637439957744,0.0,0.0,0.0,-0.0,-0.0,0.5826845415112288,0.0,192.70651308988263,0.0,0.0,0.0,-0.0,-0.0,0.22191784977493834
t98,0.0,197.23129720933116,0.0,31.605642824850523,210.57535905844477,-0.0,-5478.311422974092,0.0,0.0,405.26637439957744,0.0,0.0,0.0,-0.0,-0.0,0.5826845415112288,0.0,192.70651308988263,0.0,0.0,0.0,-0.0,-0.0,0.22191784977493834
t99,0.0,197.23129720933116,0.0,31.605642824850523,210.57535905844477,-0.0,-5478.311422974092,0.0,0.0,405.26637439957744,0.0,0.0,0.0,-0.0,-0.0,0.5826845415112288,0.0,192.70651308988263,0.0,0.0,0.0,-0.0,-0.0,0.2219178497749383
t100,0.0,197.23129720933116,0.0,31.605642824850523,210.57535905844477,-0.0,-5478.311422974092,0.0,0.0,405.26637439957744,0.0,0.0,0.0,-0.0,-0.0,0.5826845415112288,0.0,192.70651308988263,0.0,0.0,0.0,-0.0,-0.0,0.2219178497749383
t101,0.0,197.23129720933116,0.0,31.605642824850523,210.57535905844477,-0.0,-5478.311422974092,0.0,0.0,405.26637439957744,0.0,0.0,0.0,-0.0,-0.0,0.5826845415112288,0.0,192.70651308988263,0.0,0.0,0.0,-0.0,-0.0,0.22191784977493834
t102,0.0,197.23129720933116,0.0,31.605642824850523,210.57535905844477,-0.0,-5478.311422974092,0.0,0.0,405.26637439957744,0.0,0.0,0.0,-0.0,-0.0,0.5826845415112288,0.0,192.70651308988263,0.0,0.0,0.0,-0.0,-0.0,0.22191784977493834
t103,0.0,197.23129720933116,0.0,31.605642824850523,210.57535905844477,-0.0,-5478.311422974092,0.0,0.0,405.26637439957744,0.0,0.0,0.0,-0.0,-0.0,0.5826845415112288,0.0,192.70651308988263,0.0,0.0,0.0,-0.0,-0.0,0.22191784977493834
t104,0.0,197.23129720933116,0.0,31.605642824850523,210.57535905844477,-0.0,-5478.311422974092,0.0,0.0,405.26637439957744,0.0,0.0,0.0,-0.0,-0.0,0.5826845415112288,0.0,192.70651308988263,0.0,0.0,0.0,-0.0,-0.0,0.2219178497749383
t105,0.0,197.23129720933116,0.0,31.605642824850523,210.57535905844477,-0.0,-5478.311422974092,0.0,0.0,405.26637439957744,0.0,0.0,0.0,-0.0,-0.0,0.5826845415112288,0.0,192.70651308988263,0.0,0.0,0.0,-0.0,-0.0,0.2219178497749383
t106,0.0,197.23129720933116,0.0,31.605642824850523,210.57535905844477,-0.0,-5478.311422974092,0.0,0.0,405.26637439957744,0.0,0.0,0.0,-0.0,-0.0,0.5826845415112288,0.0,192.70651308988263,0.0,0.0,0.0,-0.0,-0.0,0.2219178497749383
t107,0.0,197.23129720933116,0.0,31.605642824850523,210.57535905844477,-0.0,-5478.311422974092,0.0,0.0,405.26637439957744,0.0,0.0,0.0,-0.0,-0.0,0.5826845415112288,0.0,192.70651308988263,0.0,0.0,0.0,-0.0,-0.0,0.2219178497749383
t108,0.0,197.23129720933116,0.0,31.605642824850523,210.57535905844477,-0.0,-5478.311422974092,0.0,0.0,405.26637439957744,0.0,0.0,0.0,-0.0,-0.0,0.5826845415112288,0.0,192.70651308988263,0.0,0.0,0.0,-0.0,-0.0,0.22191784977493834
t109,0.0,197.23129720933116,0.0,31.605642824850523,210.57535905844477,-0.0,-5478.311422974092,0.0,7207.402477532475,405.26637439957744,0.0,0.0,0.0,-0.0,-0.0,0.5826845415112288,0.0,192.70651308988263,0.0,0.0,0.0,-0.0,-0.0,0.22191784977493834
t110,0.0,197.23129720933116,0.0,31.605642824850523,210.57535905844477,-0.0,-5478.311422974092,0.0,10974.718196920161,405.26637439957744,0.0,0.0,0.0,-0.0,-0.0,0.5826845415112288,0.0,192.70651308988263,0.0,0.0,0.0,-0.0,-0.0,0.22191784977493834
t111,2653.589211525954,197.23129720933116,0.0,31.605642824850523,210.57535905844477,-0.0,-5478.311422974092,0.0,12318.029035427362,405.26637439957744,0.0,0.0,0.0,-0.0,-0.0,0.5826845415112288,247.75580014080006,192.70651308988263,0.0,0.0,0.0,-0.0,-0.0,0.2219178497749383
t112,6372.146456503674,197.23129720933116,0.0,31.605642824850523,210.57535905844477,-0.0,-5478.311422974092,0.0,12318.029035427362,405.26637439957744,0.0,0.0,0.0,-0.0,-0.0,0.5826845415112288,0.0,192.70651308988263,0.0,0.0,0.0,-0.0,-0.0,0.2219178497749383
t113,10195.204518867475,197.23129720933116,0.0,31.605642824850523,210.57535905844477,-0.0,-5478.311422974092,0.0,12318.029035427362,405.26637439957744,0.0,0.0,0.0,-0.0,-0.0,0.5826845415112288,247.75580014080006,192.70651308988263,0.0,0.0,0.0,-0.0,-0.0,0.22191784977493834
t114,12236.02312650284,197.23129720933116,0.0,31.605642824850523,210.57535905844477,-0.0,-5478.311422974092,0.0,12318.029035427362,405.26637439957744,0.0,0.0,0.0,-0.0,-0.0,0.5826845415112288,225.90729415248904,192.70651308988263,0.0,0.0,0.0,-0.0,-0.0,0.2219178497749383
t115,12317.296561385187,197.23129720933116,0.0,31.605642824850523,210.57535905844477,-0.0,-5478.311422974092,0.0,12503.006821010722,405.26637439957744,0.0,0.0,0.0,-0.0,-0.0,0.5826845415112288,1347.3006400237084,192.70651308988263,0.0,0.0,0.0,-0.0,-0.0,0.2219178497749383
t116,12461.78266784269,197.23129720933116,0.0,31.605642824850523,210.57535905844477,-0.0,-5478.311422974092,0.0,12831.856217603361,405.26637439957744,0.0,0.0,0.0,-0.0,-0.0,0.0,139.36263757920003,192.70651308988263,0.0,0.0,0.0,-0.0,-0.0,0.22191784977493834
t117,12317.296561385187,197.23129720933116,0.0,31.605642824850523,210.57535905844477,-0.0,-5478.311422974092,0.0,12503.006821010722,405.26637439957744,0.0,0.0,0.0,-0.0,-0.0,0.5826845415112288,387.1184377200001,192.70651308988263,0.0,0.0,0.0,-0.0,-0.0,0.22191784977493834
t118,12236.02312650284,197.23129720933116,0.0,31.605642824850523,210.57535905844477,-0.0,-5478.311422974092,0.0,12318.029035427362,405.26637439957744,0.0,0.0,0.0,-0.0,-0.0,0.5826845415112288,139.36263757920003,192.70651308988263,0.0,0.0,0.0,-0.0,-0.0,0.2219178497749383
t119,12236.02312650284,197.23129720933116,0.0,31.605642824850523,210.57535905844477,-0.0,-5478.311422974092,0.0,12318.029035427362,405.26637439957744,0.0,0.0,0.0,-0.0,-0.0,0.5826845415112288,387.1184377200001,192.70651308988263,0.0,0.0,0.0,-0.0,-0.0,0.22191784977493834
t120,12236.02312650284,197.23129720933116,0.0,31.605642824850523,210.57535905844477,-0.0,-5478.311422974092,0.0,12318.029035427362,405.26637439957744,0.0,0.0,0.0,-0.0,-0.0,0.5826845415112288,247.75580014080006,192.70651308988263,0.0,0.0,0.0,-0.0,-0.0,0.22191784977493834
t121,4959.18763746919,197.23129720933116,0.0,31.605642824850523,210.57535905844477,-0.0,-5478.311422974092,0.0,6540.004934247569,405.26637439957744,0.0,0.0,0.0,-0.0,-0.0,0.5826845415112288,0.0,192.70651308988263,0.0,0.0,0.0,-0.0,-0.0,0.2219178497749383
t122,0.0,197.23129720933116,0.0,31.605642824850523,210.57535905844477,-0.0,-5478.311422974092,0.0,0.0,405.26637439957744,0.0,0.0,0.0,-0.0,-0.0,0.5826845415112288,0.0,192.70651308988263,0.0,0.0,0.0,-0.0,-0.0,0.2219178497749383
t123,0.0,197.23129720933116,0.0,31.605642824850523,210.57535905844477,-0.0,-5478.311422974092,0.0,0.0,405.26637439957744,0.0,0.0,0.0,-0.0,-0.0,0.5826845415112288,0.0,192.70651308988263,0.0,0.0,0.0,-0.0,-0.0,0.2219178497749383
t124,0.0,197.23129720933116,0.0,31.605642824850523,210.57535905844477,-0.0,-5478.311422974092,0.0,0.0,405.26637439957744,0.0,0.0,0.0,-0.0,-0.0,0.5826845415112288,0.0,192.70651308988263,0.0,0.0,0.0,-0.0,-0.0,0.22191784977493834
t125,0.0,197.23129720933116,0.0,31.605642824850523,210.57535905844477,-0.0,-5478.311422974092,0.0,0.0,405.26637439957744,0.0,0.0,0.0,-0.0,-0.0,0.5826845415112288,0.0,192.70651308988263,0.0,0.0,0.0,-0.0,-0.0,0.2219178497749383
t126,0.0,197.23129720933116,0.0,31.605642824850523,210.57535905844477,-0.0,-5478.311422974092,0.0,0.0,405.26637439957744,0.0,0.0,0.0,-0.0,-0.0,0.5826845415112288,0.0,192.70651308988263,0.0,0.0,0.0,-0.0,-0.0,0.22191784977493834
t127,0.0,197.23129720933116,0.0,31.605642824850523,210.57535905844477,-0.0,-5478.311422974092,0.0,0.0,405.26637439957744,0.0,0.0,0.0,-0.0,-0.0,0.5826845415112288,0.0,192.70651308988263,0.0,0.0,0.0,-0.0,-0.0,0.2219178497749383
t128,0.0,197.23129720933116,0.0,31.605642824850523,210.57535905844477,-0.0,-5478.311422974092,0.0,0.0,405.26637439957744,0.0,0.0,0.0,-0.0,-0.0,0.5826845415112288,0.0,192.70651308988263,0.0,0.0,0.0,-0.0,-0.0,0.22191784977493834
t129,0.0,197.23129720933116,0.0,31.605642824850523,210.57535905844477,-0.0,-5478.311422974092,0.0,0.0,405.26637439957744,0.0,0.0,0.0,-0.0,-0.0,0.5826845415112288,0.0,192.7065130898826,0.0,0.0,0.0,-0.0,-0.0,0.2219178497749383
t130,0.0,197.23129720933116,0.0,31.605642824850523,210.57535905844477,-0.0,-5478.311422974092,0.0,0.0,405.26637439957744,0.0,0.0,0.0,-0.0,-0.0,0.5826845415112288,0.0,192.70651308988263,0.0,0.0,0.0,-0.0,-0.0,0.2219178497749383
t131,0.0,197.23129720933116,0.0,31.605642824850523,210.57535905844477,-0.0,-5478.311422974092,0.0,0.0,405.26637439957744,0.0,0.0,0.0,-0.0,-0.0,0.5826845415112288,0.0,192.70651308988263,0.0,0.0,0.0,-0.0,-0.0,0.22191784977493834
t132,0.0,197.23129720933116,0.0,31.605642824850523,210.57535905844477,-0.0,-5478.311422974092,0.0,0.0,405.26637439957744,0.0,0.0,0.0,-0.0,-0.0,0.5826845415112288,0.0,192.70651308988263,0.0,0.0,0.0,-0.0,-0.0,0.2219178497749383
t133,0.0,197.23129720933116,0.0,31.605642824850523,210.57535905844477,-0.0,-5478.311422974092,0.0,2088.1804308918604,405.26637439957744,0.0,0.0,0.0,-0.0,-0.0,0.5826845415112288,139.36263757920003,192.70651308988263,0.0,0.0,0.0,-0.0,-0.0,0.22191784977493834
t134,4535.657825046369,197.23129720933116,0.0,31.605642824850523,210.57535905844477,-0.0,-5478.311422974092,0.0,8168.134552826398,405.26637439957744,0.0,0.0,0.0,-0.0,-0.0,0.5826845415112288,387.1184377200001,192.70651308988263,0.0,0.0,0.0,-0.0,-0.0,0.2219178497749383
t135,10513.284483449079,197.23129720933116,0.0,31.605642824850523,210.57535905844477,-0.0,-5478.311422974092,0.0,11436.328591009842,405.26637439957744,0.0,0.0,0.0,-0.0,-0.0,0.5826845415112288,417.223620607841,192.70651308988263,0.0,0.0,0.0,-0.0,-0.0,0.2219178497749383
t136,12236.02312650284,197.23129720933116,0.0,31.605642824850523,210.57535905844477,-0.0,-5478.311422974092,0.0,11436.328591009842,405.26637439957744,0.0,0.0,0.0,-0.0,-0.0,0.5826845415112288,494.51555917011245,192.70651308988263,0.0,0.0,0.0,-0.0,-0.0,0.2219178497749383
t137,10021.024530149125,197.23129720933116,0.0,31.605642824850523,210.57535905844477,-0.0,-5478.311422974092,0.0,11436.328591009842,405.26637439957744,0.0,0.0,0.0,-0.0,-0.0,0.5826845415112288,1266.8728472036353,192.70651308988263,0.0,0.0,0.0,-0.0,-0.0,0.2219178497749383
t138,12236.02312650284,197.23129720933116,0.0,31.605642824850523,210.57535905844477,-0.0,-5478.311422974092,0.0,11436.328591009842,405.26637439957744,0.0,0.0,0.0,-0.0,-0.0,0.5826845415112288,1973.3037610179638,192.70651308988263,0.0,0.0,0.0,-0.0,-0.0,0.2219178497749383
t139,10021.024530149125,197.23129720933116,0.0,31.605642824850523,210.57535905844477,-0.0,-5478.311422974092,0.0,11436.328591009842,405.26637439957744,0.0,0.0,0.0,-0.0,-0.0,0.5826845415112288,1678.4552469533096,192.70651308988263,0.0,0.0,0.0,-0.0,-0.0,0.2219178497749383
t140,12236.02312650284,197.23129720933116,0.0,31.605642824850523,210.57535905844477,-0.0,-5478.311422974092,0.0,11436.328591009842,405.26637439957744,0.0,0.0,0.0,-0.0,-0.0,0.5826845415112288,827.038501545954,192.70651308988263,0.0,0.0,0.0,-0.0,-0.0,0.2219178497749383
t141,12236.02312650284,197.23129720933116,0.0,31.605642824850523,210.57535905844477,-0.0,-5478.311422974092,0.0,10867.194302729711,405.26637439957744,0.0,0.0,0.0,-0.0,-0.0,0.5826845415112288,486.5146519812798,192.70651308988263,0.0,0.0,0.0,-0.0,-0.0,0.2219178497749383
t142,10021.024530149125,197.23129720933116,0.0,31.605642824850523,210.57535905844477,-0.0,-5478.311422974092,0.0,8034.51732830283,405.26637439957744,0.0,0.0,0.0,-0.0,-0.0,0.5826845415112288,387.1184377200001,192.70651308988263,0.0,0.0,0.0,-0.0,-0.0,0.2219178497749383
t143,12236.02312650284,197.23129720933116,0.0,31.605642824850523,210.57535905844477,-0.0,-5478.311422974092,0.0,7010.27081846784,405.26637439957744,0.0,0.0,0.0,-0.0,-0.0,0.5826845415112288,625.6353099855901,192.70651308988263,0.0,0.0,0.0,-0.0,-0.0,0.2219178497749383
t144,10021.024530149125,197.23129720933116,0.0,31.605642824850523,210.57535905844477,-0.0,-5478.311422974092,0.0,7010.27081846784,405.26637439957744,0.0,0.0,0.0,-0.0,-0.0,0.5826845415112288,772.2826589129314,192.70651308988263,0.0,0.0,0.0,-0.0,-0.0,0.2219178497749383
t145,9293.375340550672,197.23129720933116,0.0,31.605642824850523,210.57535905844477,-0.0,-5478.311422974092,0.0,7010.27081846784,405.26637439957744,0.0,0.0,0.0,-0.0,-0.0,0.5826845415112288,387.1184377200001,192.70651308988263,0.0,0.0,0.0,-0.0,-0.0,0.2219178497749383
t146,3159.0316150920576,197.23129720933116,0.0,31.605642824850523,210.57535905844477,-0.0,-5478.311422974092,0.0,6104.987270129801,405.26637439957744,0.0,0.0,0.0,-0.0,-0.0,0.5826845415112288,387.1184377200001,192.70651308988263,0.0,0.0,0.0,-0.0,-0.0,0.22191784977493834
t147,0.0,197.23129720933116,0.0,31.605642824850523,210.57535905844477,-0.0,-5478.311422974092,0.0,3647.692671577063,405.26637439957744,0.0,0.0,0.0,-0.0,-0.0,0.5826845415112288,387.1184377200001,192.70651308988263,0.0,0.0,0.0,-0.0,-0.0,0.22191784977493834
t148,0.0,197.23129720933116,0.0,31.605642824850523,210.57535905844477,-0.0,-5478.311422974092,0.0,2190.8618464253605,405.26637439957744,0.0,0.0,0.0,-0.0,-0.0,0.5826845415112288,572.6504277312303,192.70651308988263,0.0,0.0,0.0,-0.0,-0.0,0.22191784977493834
t149,0.0,197.23129720933116,0.0,31.605642824850523,210.57535905844477,-0.0,-5478.311422974092,0.0,0.0,405.26637439957744,0.0,0.0,0.0,-0.0,-0.0,0.5826845415112288,410.585449807319,192.70651308988263,0.0,0.0,0.0,-0.0,-0.0,0.2219178497749383
t150,0.0,197.23129720933116,0.0,31.605642824850523,210.57535905844477,-0.0,-5478.311422974092,0.0,0.0,405.26637439957744,0.0,0.0,0.0,-0.0,-0.0,0.5826845415112288,139.36263757920003,192.70651308988263,0.0,0.0,0.0,-0.0,-0.0,0.22191784977493834
t151,0.0,197.23129720933116,0.0,31.605642824850523,210.57535905844477,-0.0,-5478.311422974092,0.0,0.0,405.26637439957744,0.0,0.0,0.0,-0.0,-0.0,0.5826845415112288,511.3869616640381,192.70651308988263,0.0,0.0,0.0,-0.0,-0.0,0.22191784977493834
t152,0.0,197.23129720933116,0.0,31.605642824850523,210.57535905844477,-0.0,-5478.311422974092,0.0,0.0,405.26637439957744,0.0,0.0,0.0,-0.0,-0.0,0.5826845415112288,852.242558119122,192.70651308988263,0.0,0.0,0.0,-0.0,-0.0,0.2219178497749383
t153,0.0,197.23129720933116,0.0,31.605642824850523,210.57535905844477,-0.0,-5478.311422974092,0.0,0.0,405.26637439957744,0.0,0.0,0.0,-0.0,-0.0,0.5826845415112288,647.686723582072,192.70651308988263,0.0,0.0,0.0,-0.0,-0.0,0.2219178497749383
t154,0.0,197.23129720933116,0.0,31.605642824850523,210.57535905844477,-0.0,-5478.311422974092,0.0,0.0,405.26637439957744,0.0,0.0,0.0,-0.0,-0.0,0.5826845415112288,511.44062231142516,192.70651308988263,0.0,0.0,0.0,-0.0,-0.0,0.2219178497749383
t155,0.0,197.23129720933116,0.0,31.605642824850523,210.57535905844477,-0.0,-5478.311422974092,0.0,0.0,405.26637439957744,0.0,0.0,0.0,-0.0,-0.0,0.5826845415112288,1171.794882418285,192.70651308988263,0.0,0.0,0.0,-0.0,-0.0,0.2219178497749383
t156,0.0,197.23129720933116,0.0,31.605642824850523,210.57535905844477,-0.0,-5478.311422974092,0.0,0.0,405.26637439957744,0.0,0.0,0.0,-0.0,-0.0,0.5826845415112288,2413.2411790589817,192.70651308988263,0.0,0.0,0.0,-0.0,-0.0,0.22191784977493834
t157,0.0,197.23129720933116,0.0,31.605642824850523,210.57535905844477,-0.0,-5478.311422974092,0.0,0.0,405.26637439957744,0.0,0.0,0.0,-0.0,-0.0,0.5826845415112288,3186.2208907940603,192.70651308988263,0.0,0.0,0.0,-0.0,-0.0,0.22191784977493834
t158,0.0,197.23129720933116,0.0,31.605642824850523,210.57535905844477,-0.0,-5478.311422974092,0.0,4486.573323819418,405.26637439957744,0.0,0.0,0.0,-0.0,-0.0,0.5826845415112288,3186.2208907940603,192.70651308988263,0.0,0.0,0.0,-0.0,-0.0,0.22191784977493834
t159,0.0,197.23129720933116,0.0,31.605642824850523,210.57535905844477,-0.0,-5478.311422974092,0.0,4878.097741248176,405.26637439957744,0.0,0.0,0.0,-0.0,-0.0,0.5826845415112288,3186.2208907940603,184.0448371854315,0.0,0.0,0.0,-0.0,-0.0,0.21194319732888098
t160,0.0,197.23129720933116,0.0,31.605642824850523,210.57535905844477,-0.0,-5478.311422974092,0.0,7010.27081846784,405.26637439957744,0.0,0.0,0.0,-0.0,-0.0,0.5826845415112288,3186.2208907940603,192.70651308988263,0.0,0.0,0.0,-0.0,-0.0,0.22191784977493834
t161,0.0,197.23129720933116,0.0,31.605642824850523,210.57535905844477,-0.0,-5478.311422974092,0.0,7010.27081846784,405.26637439957744,0.0,0.0,0.0,-0.0,-0.0,0.5826845415112288,3186.2208907940603,192.70651308988263,0.0,0.0,0.0,-0.0,-0.0,0.22191784977493834
t162,0.0,197.23129720933116,0.0,31.605642824850523,210.57535905844477,-0.0,-5478.311422974092,0.0,7010.27081846784,405.26637439957744,0.0,0.0,0.0,-0.0,-0.0,0.5826845415112288,3186.2208907940603,192.70651308988263,0.0,0.0,0.0,-0.0,-0.0,0.22191784977493834
t163,0.0,197.23129720933116,0.0,31.605642824850523,210.57535905844477,-0.0,-5478.311422974092,0.0,7010.27081846784,405.26637439957744,0.0,0.0,0.0,-0.0,-0.0,0.5826845415112288,3186.2208907940603,192.70651308988263,0.0,0.0,0.0,-0.0,-0.0,0.22191784977493834
t164,0.0,197.23129720933116,0.0,31.605642824850523,210.57535905844477,-0.0,-5478.311422974092,0.0,7010.27081846784,405.26637439957744,0.0,0.0,0.0,-0.0,-0.0,0.5826845415112288,3186.2208907940603,192.70651308988263,0.0,0.0,0.0,-0.0,-0.0,0.22191784977493834
t165,0.0,197.23129720933116,0.0,31.605642824850523,210.57535905844477,-0.0,-5478.311422974092,0.0,7010.27081846784,405.26637439957744,0.0,0.0,0.0,-0.0,-0.0,0.5826845415112288,3186.2208907940603,192.70651308988263,0.0,0.0,0.0,-0.0,-0.0,0.22191784977493834
t166,0.0,197.23129720933116,0.0,31.605642824850523,210.57535905844477,-0.0,-5478.311422974092,0.0,6312.914874456463,405.26637439957744,0.0,0.0,0.0,-0.0,-0.0,0.5826845415112288,3186.2208907940603,192.70651308988263,0.0,0.0,0.0,-0.0,-0.0,0.22191784977493834
t167,0.0,197.23129720933116,0.0,31.605642824850523,210.57535905844477,-0.0,-5478.311422974092,0.0,2318.300338186529,405.26637439957744,0.0,0.0,0.0,-0.0,-0.0,0.5826845415112288,3186.2208907940603,192.70651308988263,0.0,0.0,0.0,-0.0,-0.0,0.22191784977493834
t168,0.0,197.23129720933116,0.0,31.605642824850523,210.57535905844477,-0.0,-5478.311422974092,0.0,6804.873662005947,405.26637439957744,0.0,0.0,0.0,-0.0,-0.0,0.5826845415112288,2433.679710488996,192.70651308988263,0.0,0.0,0.0,-0.0,-0.0,0.22191784977493834
